crop,trend,index,coef,cr_se,wild_p,inv_lo,inv_hi,AIC,LOYO_RMSE
sunflower,linear,SPEI1,9.203101021469616,3.515836486552441,0.036036036036036036,0.8316376977916025,18.462536231216596,1328.315037075031,50.2494430756188
sunflower,linear,SPEI3,19.02656324954401,4.413037897333704,0.013013013013013013,8.179685646725595,31.575466393942733,1298.1559408923965,43.95725670574543
sunflower,linear,SPEI6,18.808689065126632,4.622957471807014,0.009009009009009009,8.605395294495928,30.28608955352739,1304.289363422922,45.08922492806601
sunflower,linear,SPEI9,21.982573074069176,5.130180919005028,0.012012012012012012,7.525132071121169,33.284533229161156,1293.0715689016035,42.930548608660544
sunflower,linear,SPEI12,21.596970999548304,5.990647939914075,0.016016016016016016,6.692199435907716,38.01183631269116,1298.5811698768512,44.11826274767887
sunflower,district,SPEI1,10.092741976380132,3.0337931509660474,0.01001001001001001,3.6716698879981973,19.95766183809227,1330.606967754097,49.87392183564985
sunflower,district,SPEI3,19.97764083506023,4.3920592169554,0.014014014014014014,9.67343134952922,32.669281923753154,1295.8475165701939,43.14357636125173
sunflower,district,SPEI6,19.350856351094023,4.5264786175347105,0.013013013013013013,9.04706708838249,31.075386354203037,1304.4269013674334,44.557280337405636
sunflower,district,SPEI9,22.05173596708677,5.437255117187871,0.013013013013013013,8.188295177721248,34.35359204246746,1294.3148275452186,42.74411661217125
sunflower,district,SPEI12,21.306709801016016,6.293898419745204,0.016016016016016016,6.6350963124833795,38.66141249320529,1301.3186269461037,43.97589977030333
sunflower,quadratic,SPEI1,14.092483044162147,4.078438946660545,0.014014014014014014,3.043184414712994,22.476134489754216,1294.054265538696,43.64039561390404
sunflower,quadratic,SPEI3,17.4821226099739,4.179442254081569,0.01001001001001001,5.235877230842193,28.089906221651628,1269.816929722285,38.32209409036507
sunflower,quadratic,SPEI6,16.860499036333636,4.301539944300589,0.01001001001001001,6.2346399423574645,26.681394661729144,1278.0457696001477,40.23022416692944
sunflower,quadratic,SPEI9,17.883429064365874,5.422617892267382,0.04804804804804805,1.5705634226376817,28.955875980678073,1277.4243461690182,40.223059549458505
sunflower,quadratic,SPEI12,15.6764480637579,6.850383376655301,0.08408408408408409,-4.305648613105716,32.749096942375914,1289.600427754255,42.93154981131679
sunflower,pre-detrended (district),SPEI1,9.035761288170523,2.596832496316715,0.01001001001001001,3.224667035930052,17.58102662059358,1319.1461240019162,46.67490208925287
sunflower,pre-detrended (district),SPEI3,18.323729469093543,3.9135125962575317,0.016016016016016016,8.866591562152237,28.898382554354598,1287.665651026324,41.104618567458004
sunflower,pre-detrended (district),SPEI6,18.70663731733777,4.185843378996594,0.014014014014014014,8.945119749912116,30.12879831515147,1293.6015656446912,41.74067021260869
sunflower,pre-detrended (district),SPEI9,21.189390206684788,4.915267657108893,0.014014014014014014,7.281048762751877,32.60529734304565,1284.214278658581,40.49062039975417
sunflower,pre-detrended (district),SPEI12,19.541393337576316,5.4918192098277725,0.014014014014014014,5.967207752200926,35.007078910809255,1292.5480305180145,42.00374345436773
wheat,linear,SPEI1,-2.727579475503859,3.3255156340698186,0.42742742742742745,-10.483293289934082,5.897164806899385,1372.1501859539553,57.86803603867884
wheat,linear,SPEI3,10.778043806582502,4.243975571109541,0.07407407407407407,-0.5864544985498759,21.028446717956204,1366.3510859969374,56.099254743434734
wheat,linear,SPEI6,5.344243877929941,4.138554783729234,0.23923923923923923,-6.074166183330817,13.118558444350015,1371.1718007219565,57.7642126698608
wheat,linear,SPEI9,1.4009059842286362,4.26808503825714,0.7307307307307307,-11.668801929247861,8.960449424486443,1372.5162764187467,57.1494245077682
wheat,linear,SPEI12,-4.615421067502318,3.474842352970264,0.19519519519519518,-13.663075778055997,3.7720051124851723,1371.5442436657142,56.78448182240856
wheat,district,SPEI1,-2.1212969850922576,3.4237890992365108,0.5225225225225225,-10.352162045283794,6.019814814715847,1377.181655597841,58.57448054031727
wheat,district,SPEI3,10.791168957498137,4.498686022246979,0.08508508508508508,-0.9227405724145512,21.208521151165083,1370.944982872924,56.68279885528289
wheat,district,SPEI6,5.166605804117822,4.228054592563622,0.2502502502502503,-6.171259096045921,13.153690988879807,1376.072179519354,58.34285672237592
wheat,district,SPEI9,0.5152066952475565,4.479781460395473,0.8858858858858859,-12.207766383068005,8.987664472502459,1377.4565196386866,57.82469938138241
wheat,district,SPEI12,-5.1377394865113715,3.9779524427204294,0.1961961961961962,-15.898290224130267,4.340004138612816,1376.1142676625218,57.56734956015333
wheat,quadratic,SPEI1,-2.2784572808260175,3.3355706692743827,0.47647647647647645,-10.120936866791176,6.38366387706899,1373.6619816786174,59.36139602307046
wheat,quadratic,SPEI3,11.262774427247516,4.277597153336773,0.055055055055055056,-0.16368908681257544,21.56540267845738,1367.1657200878944,56.74503542761874
wheat,quadratic,SPEI6,7.264407343058878,4.9045505000020055,0.17417417417417416,-5.187954210840258,18.171973190460186,1371.5745780671834,58.672302956059596
wheat,quadratic,SPEI9,3.712966434970957,5.471605008413605,0.47847847847847846,-11.485899259481652,15.804331848461128,1373.4257378688708,57.958552237141255
wheat,quadratic,SPEI12,-3.7767457050234303,4.947802933487228,0.4344344344344344,-16.919045257173735,9.890412337019507,1373.4162644645485,57.68954994102551
wheat,pre-detrended (district),SPEI1,-2.084410699664218,3.273722029141208,0.5215215215215215,-10.075397531355485,5.971814794289905,1365.1866757330185,55.54980209384311
wheat,pre-detrended (district),SPEI3,10.435046223844665,4.218804079485369,0.08708708708708708,-0.9122595729547267,20.762284127523863,1359.1657977328484,54.03803893292247
wheat,pre-detrended (district),SPEI6,5.146317501779677,4.0955169562943805,0.24924924924924924,-6.170472745036566,13.042761159669162,1364.0776990770041,55.41647420597263
wheat,pre-detrended (district),SPEI9,0.5030849569981157,4.26453472222139,0.8858858858858859,-11.758623658832349,8.880797776625727,1365.456837632552,54.88111894814414
wheat,pre-detrended (district),SPEI12,-4.761660464581219,3.629183676949842,0.2042042042042042,-14.807260375064143,3.9867898113669007,1364.2140052271006,54.6150370009008
