crop,trend,index,coef,cr_se,wild_p,wild_lo,wild_hi,AIC,LOYO_RMSE
sunflower,linear,SPEI1,9.203101021469616,3.515836486552441,0.03540708141628326,-1.261447453447854,19.285026817470992,1328.315037075031,50.2494430756188
sunflower,linear,SPEI3,19.02656324954401,4.413037897333704,0.010402080416083216,8.858840163763016,29.33858364697248,1298.1559408923965,43.95725670574543
sunflower,linear,SPEI6,18.808689065126632,4.622957471807014,0.009001800360072015,7.797764449810636,29.455886934581052,1304.289363422922,45.08922492806601
sunflower,linear,SPEI9,21.982573074069176,5.130180919005028,0.008001600320064013,7.984508121147709,36.07847165816858,1293.0715689016035,42.930548608660544
sunflower,linear,SPEI12,21.596970999548304,5.990647939914075,0.013402680536107221,4.989263091041732,37.883311355084444,1298.5811698768512,44.11826274767887
sunflower,district,SPEI1,10.092741976380132,3.0337931509660474,0.008001600320064013,3.235995819399072,16.841118991822846,1330.606967754097,49.87392183564985
sunflower,district,SPEI3,19.97764083506023,4.3920592169554,0.011802360472094419,9.146692919935523,31.137672618858147,1295.8475165701939,43.14357636125173
sunflower,district,SPEI6,19.350856351094023,4.5264786175347105,0.009001800360072015,8.2560778664691,29.43452627985628,1304.4269013674334,44.557280337405636
sunflower,district,SPEI9,22.05173596708677,5.437255117187871,0.008001600320064013,6.616143501387901,37.84679012778093,1294.3148275452186,42.74411661217125
sunflower,district,SPEI12,21.306709801016016,6.293898419745204,0.011402280456091218,3.893419574501099,39.80217948288693,1301.3186269461037,43.97589977030333
sunflower,quadratic,SPEI1,14.092483044162147,4.078438946660545,0.015403080616123225,0.47883727162957435,27.54754926497295,1294.054265538696,43.64039561390404
sunflower,quadratic,SPEI3,17.4821226099739,4.179442254081569,0.008601720344068814,7.492008550396694,27.52270499333393,1269.816929722285,38.32209409036507
sunflower,quadratic,SPEI6,16.860499036333636,4.301539944300589,0.009001800360072015,6.955002783124524,28.09206841938345,1278.0457696001477,40.23022416692944
sunflower,quadratic,SPEI9,17.883429064365874,5.422617892267382,0.04360872174434887,4.330565266254641,31.245702188842685,1277.4243461690182,40.223059549458505
sunflower,quadratic,SPEI12,15.6764480637579,6.850383376655301,0.07441488297659532,-1.7172356265744568,33.45355555898338,1289.600427754255,42.93154981131679
sunflower,pre-detrended (district),SPEI1,9.035761288170523,2.596832496316715,0.010202040408081616,2.480864550279583,15.532600016883476,1319.1461240019162,46.67490208925287
sunflower,pre-detrended (district),SPEI3,18.323729469093543,3.9135125962575317,0.010202040408081616,9.019423713593557,27.46773132364357,1287.665651026324,41.104618567458004
sunflower,pre-detrended (district),SPEI6,18.70663731733777,4.185843378996594,0.009001800360072015,8.753439811190804,28.753241567969745,1293.6015656446912,41.74067021260869
sunflower,pre-detrended (district),SPEI9,21.189390206684788,4.915267657108893,0.011802360472094419,7.889165658506993,33.926640194516565,1284.214278658581,40.49062039975417
sunflower,pre-detrended (district),SPEI12,19.541393337576316,5.4918192098277725,0.011602320464092819,3.521228148569538,35.5901885493319,1292.5480305180145,42.00374345436773
wheat,linear,SPEI1,-2.727579475503859,3.3255156340698186,0.4430886177235447,-11.387059828457355,5.869252138670895,1372.1501859539553,57.86803603867884
wheat,linear,SPEI3,10.778043806582502,4.243975571109541,0.06581316263252651,-0.6969933722218951,23.20644944419506,1366.3510859969374,56.099254743434734
wheat,linear,SPEI6,5.344243877929941,4.138554783729234,0.2398479695939188,-5.854076878666987,16.967939537413606,1371.1718007219565,57.7642126698608
wheat,linear,SPEI9,1.4009059842286362,4.26808503825714,0.7267453490698139,-8.545630023522842,13.644764058534301,1372.5162764187467,57.1494245077682
wheat,linear,SPEI12,-4.615421067502318,3.474842352970264,0.1940388077615523,-12.903760134261075,3.5661410982556596,1371.5442436657142,56.78448182240856
wheat,district,SPEI1,-2.1212969850922576,3.4237890992365108,0.5361072214442889,-10.487016865167002,6.103005912831426,1377.181655597841,58.57448054031727
wheat,district,SPEI3,10.791168957498137,4.498686022246979,0.08601720344068814,-1.361051295249018,23.80009891910241,1370.944982872924,56.68279885528289
wheat,district,SPEI6,5.166605804117822,4.228054592563622,0.253250650130026,-6.718971348380229,17.17021304873337,1376.072179519354,58.34285672237592
wheat,district,SPEI9,0.5152066952475565,4.479781460395473,0.8947789557911582,-13.80026531788702,15.84838855503524,1377.4565196386866,57.82469938138241
wheat,district,SPEI12,-5.1377394865113715,3.9779524427204294,0.20764152830566113,-14.47032966130518,4.068191874363084,1376.1142676625218,57.56734956015333
wheat,quadratic,SPEI1,-2.2784572808260175,3.3355706692743827,0.5047009401880376,-10.67692904845948,6.2246852325276905,1373.6619816786174,59.36139602307046
wheat,quadratic,SPEI3,11.262774427247516,4.277597153336773,0.048409681936387276,-1.015445828809506,22.252516607124974,1367.1657200878944,56.74503542761874
wheat,quadratic,SPEI6,7.264407343058878,4.9045505000020055,0.1816363272654531,-8.666213758492601,21.887899658205235,1371.5745780671834,58.672302956059596
wheat,quadratic,SPEI9,3.712966434970957,5.471605008413605,0.4830966193238648,-14.167165196757894,21.711111954796877,1373.4257378688708,57.958552237141255
wheat,quadratic,SPEI12,-3.7767457050234303,4.947802933487228,0.4326865373074615,-18.612509083804483,11.096992567479225,1373.4162644645485,57.68954994102551
wheat,pre-detrended (district),SPEI1,-2.084410699664218,3.273722029141208,0.5251050210042009,-10.440426652418706,5.794613346301143,1365.1866757330185,55.54980209384311
wheat,pre-detrended (district),SPEI3,10.435046223844665,4.218804079485369,0.08261652330466093,-2.005643749213778,22.84020191700347,1359.1657977328484,54.03803893292247
wheat,pre-detrended (district),SPEI6,5.146317501779677,4.0955169562943805,0.2470494098819764,-6.201408434972178,16.34518427312421,1364.0776990770041,55.41647420597263
wheat,pre-detrended (district),SPEI9,0.5030849569981157,4.26453472222139,0.905381076215243,-13.955843507393977,14.399287782907042,1365.456837632552,54.88111894814414
wheat,pre-detrended (district),SPEI12,-4.761660464581219,3.629183676949842,0.20684136827365474,-14.138455851737595,5.060402260914408,1364.2140052271006,54.6150370009008
