scenario,n,top,top_composite,second,SPEI3_r,SPEI3_composite,SPI3_r,SPEI9_r,ranking
min/max extrema (paper),1183,SPEI3,40.0,SPEI9,0.5208767187316244,40.0,0.4780317274682533,0.4740203563249695,SPEI3 > SPEI9 > SPI3 > SPI9
2nd/98th percentiles,1183,SPEI3,39.0,SPEI9,0.5186792504937664,39.0,0.47857338670423727,0.4806339693376718,SPEI3 > SPEI9 > SPI3 > SPI9
5th/95th percentiles,1183,SPEI3,40.0,SPEI9,0.5107935380577376,40.0,0.4777666829352291,0.4836377901086421,SPEI3 > SPEI9 > SPI3 > SPEI6
10th/90th percentiles,1183,SPEI3,40.0,SPEI9,0.503065229613915,40.0,0.47091405520213236,0.4783462833441908,SPEI3 > SPEI9 > SPI3 > SPI9
window Jun-Oct (paper),1183,SPEI3,40.0,SPEI9,0.5208767187316244,40.0,0.4780317274682533,0.4740203563249695,SPEI3 > SPEI9 > SPI3 > SPI9
"window Jul-Sep (post-wheat, sunflower-dominated)",715,SPEI9,40.0,SPI9,0.5408195623539338,28.0,0.5036547368420887,0.5864467606947131,SPEI9 > SPI9 > SPEI3 > SPEI6
window Aug-Sep,475,SPEI9,40.0,SPI9,0.5523496540839977,28.0,0.5472387545245035,0.5920455047606634,SPEI9 > SPI9 > SPI3 > SPEI3
window Apr-Jun (wheat-dominated),707,SPEI1,40.0,SPEI3,0.22636397407540076,33.0,0.17640806223370276,-0.07303082177397106,SPEI1 > SPEI3 > SPI1 > SPI3
window May-Jun,474,SPEI1,40.0,SPI1,0.33254381309931624,33.0,0.26851993909931726,-0.06770629203978536,SPEI1 > SPI1 > SPEI3 > SPI3
