index,n,pearson,spearman,MI,tercile_delta,pearson_score,spearman_score,MI_score,tercile_delta_score,composite,variant
SPEI3,1183,0.4903763618843284,0.4752408845118392,0.1450272085651374,18.938577532636472,10.0,10.0,10.0,10.0,40.0,A mask=none
SPEI9,1183,0.44139480372559925,0.4445966379295963,0.11234114553894514,18.038155392021018,8.0,8.0,9.0,9.0,34.0,A mask=none
SPI3,1183,0.4625404796728735,0.4593951914617807,0.0931787863771838,17.291818189637546,9.0,9.0,5.0,8.0,31.0,A mask=none
SPI9,1183,0.42184944170350663,0.41737818292268825,0.11106447364460692,17.18670931748715,7.0,7.0,8.0,7.0,29.0,A mask=none
SPEI6,1183,0.4143085324582644,0.38626770315271824,0.10580751232989893,14.901461156760085,6.0,6.0,7.0,6.0,25.0,A mask=none
SPEI1,1183,0.39392498276374754,0.37986510198792967,0.06859963265564151,14.431107299858205,5.0,5.0,2.0,5.0,17.0,A mask=none
SPEI12,1183,0.3495309322810453,0.3541932076268968,0.096704898992237,14.150272293214329,3.0,3.0,6.0,4.0,16.0,A mask=none
SPI6,1183,0.3934967601446347,0.3616117015972625,0.07851268600712213,14.043742748783721,4.0,4.0,4.0,3.0,15.0,A mask=none
SPI12,1183,0.33395107321202555,0.3322124548614957,0.07821371902685481,13.7850424490071,2.0,2.0,3.0,2.0,9.0,A mask=none
SPI1,1183,0.30567329702506796,0.30962926972106786,0.027828538949242088,12.799582215668202,1.0,1.0,1.0,1.0,4.0,A mask=none
SPEI3,1183,0.5258598276079025,0.503227837991928,0.1696272325551531,21.267981443926608,10.0,10.0,10.0,10.0,40.0,A mask=stable
SPI3,1183,0.4839024542819583,0.47161570167565514,0.12896967490223865,19.133634276723456,9.0,9.0,8.0,8.0,34.0,A mask=stable
SPEI9,1183,0.4607457958286733,0.45304471594913354,0.16932940977472644,19.24338608918773,8.0,8.0,9.0,9.0,34.0,A mask=stable
SPI9,1183,0.42768074108513954,0.4141963415586485,0.12009443397380792,17.92422691847262,6.0,7.0,7.0,7.0,27.0,A mask=stable
SPEI6,1183,0.43660457694675603,0.40613534532196677,0.10404180977930366,16.44017685314074,7.0,6.0,4.0,6.0,23.0,A mask=stable
SPEI1,1183,0.4117568645785834,0.39235006907888265,0.11670393650954658,15.867636867559156,5.0,5.0,6.0,5.0,21.0,A mask=stable
SPI6,1183,0.4053089711252382,0.3731361103219888,0.10152058590341806,15.14276887478956,4.0,4.0,3.0,4.0,15.0,A mask=stable
SPEI12,1183,0.36157472273057123,0.35941623870492295,0.11141261115757128,15.093491527779129,3.0,3.0,5.0,3.0,14.0,A mask=stable
SPI12,1183,0.3298558972844273,0.321289742833636,0.07906719184551037,13.85614156012577,2.0,2.0,2.0,2.0,8.0,A mask=stable
SPI1,1183,0.3123834430577309,0.31005709228883205,0.03337023173373588,13.762056896138738,1.0,1.0,1.0,1.0,4.0,A mask=stable
SPEI3,1183,0.5236795911868082,0.49675875479622505,0.16809954572268992,21.272762176950856,10.0,10.0,10.0,10.0,40.0,A mask=v1990
SPEI9,1183,0.4608247628492739,0.45365097946696575,0.14239215278555317,19.468598023525097,8.0,8.0,9.0,9.0,34.0,A mask=v1990
SPI3,1183,0.48271322153568597,0.4680897350224504,0.10586462646376216,19.20787209205401,9.0,9.0,6.0,8.0,32.0,A mask=v1990
SPI9,1183,0.42846719913733594,0.4169517519142018,0.12905437550657783,18.212204437806854,6.0,7.0,8.0,7.0,28.0,A mask=v1990
SPEI6,1183,0.43214150016805514,0.3987408088849189,0.10534388170380105,16.45219148926791,7.0,6.0,5.0,6.0,24.0,A mask=v1990
SPEI1,1183,0.407464332034792,0.386052442942914,0.10901262216173624,15.69879016469416,5.0,5.0,7.0,5.0,22.0,A mask=v1990
SPI6,1183,0.40163737609923944,0.3670600025309825,0.09852442199756428,15.050461427625557,4.0,4.0,4.0,3.0,15.0,A mask=v1990
SPEI12,1183,0.3661358115156047,0.3630552505764466,0.09466936475636434,15.446028543154732,3.0,3.0,3.0,4.0,13.0,A mask=v1990
SPI12,1183,0.33438020411508684,0.32539314818174975,0.059613660879016095,14.187596386219617,2.0,2.0,1.0,2.0,7.0,A mask=v1990
SPI1,1183,0.30674892878116433,0.3037902803568491,0.06401528674032075,13.687372338996582,1.0,1.0,2.0,1.0,5.0,A mask=v1990
SPEI3,1183,0.5252348606285997,0.4987209094442666,0.17070223453233702,21.237558789288464,10.0,10.0,10.0,10.0,40.0,A mask=v2000
SPEI9,1183,0.4636634561180502,0.4558301438049068,0.1474892317252472,19.553777772902215,8.0,8.0,9.0,9.0,34.0,A mask=v2000
SPI3,1183,0.48460033402486374,0.4703434031417477,0.10561659154882275,19.217090754903438,9.0,9.0,5.0,8.0,31.0,A mask=v2000
SPI9,1183,0.43070518119168416,0.41836220618648173,0.11784746154339576,18.26198223371344,6.0,7.0,8.0,7.0,28.0,A mask=v2000
SPEI6,1183,0.433573155472516,0.40067265175863986,0.10636484481416453,16.448889678838015,7.0,6.0,6.0,6.0,25.0,A mask=v2000
SPEI1,1183,0.4096814151445374,0.3868462823639846,0.11634000557783963,15.758293699533517,5.0,5.0,7.0,5.0,22.0,A mask=v2000
SPI6,1183,0.40302720814607035,0.3691540626999347,0.1022399645563743,15.107548393076087,4.0,4.0,4.0,3.0,15.0,A mask=v2000
SPEI12,1183,0.36844767420803703,0.36467147989181814,0.10014786603967973,15.440536135816863,3.0,3.0,3.0,4.0,13.0,A mask=v2000
SPI12,1183,0.336492967706827,0.32684492416987204,0.069785680619729,14.192715980354713,2.0,2.0,2.0,2.0,8.0,A mask=v2000
SPI1,1183,0.3088577319125866,0.30497739160529613,0.058465951809014705,13.76887565858258,1.0,1.0,1.0,1.0,4.0,A mask=v2000
SPEI3,1183,0.5215535924294472,0.5036648163715505,0.16331784348287304,21.347474993869653,10.0,10.0,10.0,10.0,40.0,A mask=v2006
SPI3,1183,0.48503379667731733,0.4765929561006047,0.15476257243818115,19.234836013919214,9.0,9.0,9.0,8.0,35.0,A mask=v2006
SPEI9,1183,0.45942438396335594,0.45584948912429024,0.1381074222798624,19.31720666111142,8.0,8.0,8.0,9.0,33.0,A mask=v2006
SPI9,1183,0.4301919805352286,0.4187019923363325,0.13290952465132744,18.140072333839377,6.0,7.0,7.0,7.0,27.0,A mask=v2006
SPEI6,1183,0.43624705393829727,0.405015991254872,0.09699317106995409,16.231588178724166,7.0,6.0,3.0,6.0,22.0,A mask=v2006
SPEI1,1183,0.4089038182095372,0.3885244253991665,0.11914554732094285,15.566473246693207,5.0,5.0,6.0,5.0,21.0,A mask=v2006
SPI6,1183,0.4088701955510905,0.3756369518028687,0.11699772621796178,15.246241129305325,4.0,4.0,5.0,3.0,16.0,A mask=v2006
SPEI12,1183,0.3675546509118981,0.36796807742523047,0.10617843033454655,15.414668930380834,3.0,3.0,4.0,4.0,14.0,A mask=v2006
SPI12,1183,0.3384088481445567,0.33160490924991215,0.07529702209150635,14.316706930380178,2.0,2.0,2.0,2.0,8.0,A mask=v2006
SPI1,1183,0.3117414994664537,0.31153693850470887,0.04708029737687536,13.797408904257871,1.0,1.0,1.0,1.0,4.0,A mask=v2006
SPEI3,1183,0.5203851462774439,0.5017129830928615,0.15002284575780145,21.259626147628254,10.0,10.0,10.0,10.0,40.0,A mask=v2012
SPI3,1183,0.4834166298712218,0.47450255624497195,0.14922473228677102,19.18303291505744,9.0,9.0,9.0,8.0,35.0,A mask=v2012
SPEI9,1183,0.4642227862836065,0.45874511160576786,0.14364062355166407,19.579337795708526,8.0,8.0,7.0,9.0,32.0,A mask=v2012
SPI9,1183,0.43396298996409366,0.4208510116230398,0.14875518671243437,18.388012462026346,6.0,7.0,8.0,7.0,28.0,A mask=v2012
SPEI6,1183,0.4370579038289963,0.4060344654224144,0.10412631963140573,16.38042813670996,7.0,6.0,4.0,6.0,23.0,A mask=v2012
SPI6,1183,0.4098878421430835,0.3767091456614386,0.11952118280939583,15.365633708796459,5.0,4.0,6.0,3.0,18.0,A mask=v2012
SPEI1,1183,0.4087883742425729,0.3878447516302537,0.09461534600608879,15.634819038226581,4.0,5.0,3.0,5.0,17.0,A mask=v2012
SPEI12,1183,0.3712856757239824,0.3694149536542793,0.11795508712751346,15.519889915941214,3.0,3.0,5.0,4.0,15.0,A mask=v2012
SPI12,1183,0.34130213141682275,0.3322065167941374,0.09120039925438128,14.457679719651892,2.0,2.0,2.0,2.0,8.0,A mask=v2012
SPI1,1183,0.3121119052523038,0.3111526192019423,0.060155498680487085,13.839122022691825,1.0,1.0,1.0,1.0,4.0,A mask=v2012
SPEI3,1183,0.5203572654065759,0.5016500836242928,0.15010453377794697,21.256581516651707,10.0,10.0,10.0,10.0,40.0,A mask=v2018
SPI3,1183,0.4834598030192175,0.47452565248355344,0.14852450244977433,19.184114417926786,9.0,9.0,8.0,8.0,34.0,A mask=v2018
SPEI9,1183,0.4642848911233842,0.4587422775780875,0.14334011646541622,19.579954609318165,8.0,8.0,7.0,9.0,32.0,A mask=v2018
SPI9,1183,0.4340764184492776,0.42092776231185086,0.1492593073349946,18.389773732717202,6.0,7.0,9.0,7.0,29.0,A mask=v2018
SPEI6,1183,0.4370573223788034,0.4059998337491232,0.10445926688838636,16.37784442884344,7.0,6.0,4.0,6.0,23.0,A mask=v2018
SPI6,1183,0.4099897708243308,0.37679238344690524,0.12154621008895816,15.36736830191466,5.0,4.0,6.0,3.0,18.0,A mask=v2018
SPEI1,1183,0.40877040286526,0.38774490107955045,0.09407603693669486,15.632545088080477,4.0,5.0,3.0,5.0,17.0,A mask=v2018
SPEI12,1183,0.37120543689292007,0.36926201763367544,0.11737940088720222,15.512704815211421,3.0,3.0,5.0,4.0,15.0,A mask=v2018
SPI12,1183,0.34133003457254174,0.3321802603610734,0.09104268822718264,14.45404219093674,2.0,2.0,2.0,2.0,8.0,A mask=v2018
SPI1,1183,0.3121610617967842,0.3111190457147686,0.059948251786575035,13.842037552069684,1.0,1.0,1.0,1.0,4.0,A mask=v2018
SPEI3,1183,0.5144638761604855,0.4967822605552212,0.15228063921876878,21.070305721708017,10.0,10.0,10.0,10.0,40.0,A mask=wc40
SPI3,1183,0.47610516369056505,0.46984213177318107,0.14809174864682273,18.920932396235777,9.0,9.0,9.0,8.0,35.0,A mask=wc40
SPEI9,1183,0.456719244642861,0.46110490715553193,0.13954843847570064,19.427611585448574,8.0,8.0,8.0,9.0,33.0,A mask=wc40
SPI9,1183,0.42170787696778034,0.4204014956896487,0.12713245499806636,18.146742069987575,6.0,7.0,6.0,7.0,26.0,A mask=wc40
SPEI6,1183,0.43017705732160993,0.4039878697961722,0.09447196475627528,16.33346509146736,7.0,6.0,5.0,6.0,24.0,A mask=wc40
SPEI12,1183,0.3685607342385955,0.37562370670533024,0.13049466414432231,15.665819411955553,3.0,4.0,7.0,5.0,19.0,A mask=wc40
SPEI1,1183,0.3992779509503054,0.37988538126582105,0.08726962120538229,15.201068830574343,5.0,5.0,4.0,4.0,18.0,A mask=wc40
SPI6,1183,0.39679400504427886,0.3696183068795874,0.07465935317582861,14.898421897753607,4.0,3.0,2.0,3.0,12.0,A mask=wc40
SPI12,1183,0.3370203947890557,0.3364451821171294,0.0829507771739646,14.40041383082955,2.0,2.0,3.0,2.0,9.0,A mask=wc40
SPI1,1183,0.3063751263927261,0.30618814998282445,0.047382346782164575,13.432445403092956,1.0,1.0,1.0,1.0,4.0,A mask=wc40
SPEI3,1183,0.510467406043364,0.48984785870309205,0.16046116994547788,20.54688308016521,10.0,10.0,10.0,10.0,40.0,A mask=time-matched vintage
SPI3,1183,0.4763321442712121,0.4683215671865894,0.12662316207164537,18.73376779088413,9.0,9.0,7.0,8.0,33.0,A mask=time-matched vintage
SPEI9,1183,0.45651098237211707,0.4519775187383864,0.13288846948059074,19.15093636790977,8.0,8.0,8.0,9.0,33.0,A mask=time-matched vintage
SPI9,1183,0.43129330767489077,0.4208108423608441,0.1380554765507931,18.172907402003645,7.0,7.0,9.0,7.0,30.0,A mask=time-matched vintage
SPEI6,1183,0.42589459357256976,0.39304348548381135,0.08674236501989352,15.854907840424794,6.0,6.0,5.0,6.0,23.0,A mask=time-matched vintage
SPEI1,1183,0.4000501583444297,0.3766117313836519,0.10062730397659081,15.036757909221492,4.0,5.0,6.0,4.0,19.0,A mask=time-matched vintage
SPEI12,1183,0.3673931639554224,0.3650760065385441,0.0826629961891987,15.326154110053537,3.0,3.0,4.0,5.0,15.0,A mask=time-matched vintage
SPI6,1183,0.4041625932215013,0.37018820013281734,0.06135966242570223,14.893043852270623,5.0,4.0,1.0,3.0,13.0,A mask=time-matched vintage
SPI12,1183,0.34040957514979137,0.3323423689197184,0.0733491761768752,14.464304831956973,2.0,2.0,3.0,2.0,9.0,A mask=time-matched vintage
SPI1,1183,0.3033483852174286,0.30144679731572005,0.0645098255096439,13.277607242695858,1.0,1.0,2.0,1.0,5.0,A mask=time-matched vintage
SPEI3,1183,0.5203572654065759,0.5016500836242928,0.15010453377794697,21.256581516651707,10.0,10.0,10.0,10.0,40.0,B composite=paper
SPI3,1183,0.4834598030192175,0.47452565248355344,0.14852450244977433,19.184114417926786,9.0,9.0,8.0,8.0,34.0,B composite=paper
SPEI9,1183,0.4642848911233842,0.4587422775780875,0.14334011646541622,19.579954609318165,8.0,8.0,7.0,9.0,32.0,B composite=paper
SPI9,1183,0.4340764184492776,0.42092776231185086,0.1492593073349946,18.389773732717202,6.0,7.0,9.0,7.0,29.0,B composite=paper
SPEI6,1183,0.4370573223788034,0.4059998337491232,0.10445926688838636,16.37784442884344,7.0,6.0,4.0,6.0,23.0,B composite=paper
SPI6,1183,0.4099897708243308,0.37679238344690524,0.12154621008895816,15.36736830191466,5.0,4.0,6.0,3.0,18.0,B composite=paper
SPEI1,1183,0.40877040286526,0.38774490107955045,0.09407603693669486,15.632545088080477,4.0,5.0,3.0,5.0,17.0,B composite=paper
SPEI12,1183,0.37120543689292007,0.36926201763367544,0.11737940088720222,15.512704815211421,3.0,3.0,5.0,4.0,15.0,B composite=paper
SPI12,1183,0.34133003457254174,0.3321802603610734,0.09104268822718264,14.45404219093674,2.0,2.0,2.0,2.0,8.0,B composite=paper
SPI1,1183,0.3121610617967842,0.3111190457147686,0.059948251786575035,13.842037552069684,1.0,1.0,1.0,1.0,4.0,B composite=paper
SPEI3,1183,0.5364001239405584,0.5166734870574199,0.1892343259031204,22.251068996948568,10.0,10.0,10.0,10.0,40.0,B composite=mean
SPEI9,1183,0.48327964838965093,0.47903239569758077,0.16558619854587153,20.791998502035497,8.0,8.0,9.0,9.0,34.0,B composite=mean
SPI3,1183,0.49550011337847316,0.4848062711683317,0.1608249892933804,20.20407554091831,9.0,9.0,7.0,8.0,33.0,B composite=mean
SPI9,1183,0.4454178560236719,0.4346934201777986,0.1629804193080524,19.138719963703245,6.0,7.0,8.0,7.0,28.0,B composite=mean
SPEI6,1183,0.4551750983412889,0.4270785296957281,0.10451303963774006,17.74106077850613,7.0,6.0,3.0,6.0,22.0,B composite=mean
SPEI1,1183,0.43374554685984923,0.4104637997870073,0.10622205668100992,17.421672358796386,5.0,5.0,4.0,5.0,19.0,B composite=mean
SPI6,1183,0.41902109998442755,0.3912744818132617,0.1408882462601051,15.92872145509996,4.0,4.0,6.0,3.0,17.0,B composite=mean
SPEI12,1183,0.38898751370220636,0.3882915489056301,0.12077149912325424,16.2788991854679,3.0,3.0,5.0,4.0,15.0,B composite=mean
SPI12,1183,0.35347683905335064,0.3476550516694433,0.08242682428510761,14.917649122696758,2.0,2.0,1.0,1.0,6.0,B composite=mean
SPI1,1183,0.34343532404756494,0.3353043091388361,0.08612479502884351,15.403148271915356,1.0,1.0,2.0,2.0,6.0,B composite=mean
SPEI3,1183,0.5208767187316244,0.5032774995037871,0.15432510657555998,21.68076630494859,10.0,10.0,10.0,10.0,40.0,B composite=median
SPEI9,1183,0.4740203563249695,0.4690661833825678,0.15015308774218994,20.568980184390938,8.0,8.0,9.0,9.0,34.0,B composite=median
SPI3,1183,0.4780317274682533,0.4697445748492998,0.13675708605282022,19.6771807354761,9.0,9.0,7.0,8.0,33.0,B composite=median
SPI9,1183,0.4327431805327842,0.4203341462480728,0.14245520770836162,18.475053571802007,6.0,6.0,8.0,7.0,27.0,B composite=median
SPEI6,1183,0.4470067940746289,0.4230924493862461,0.08897569308474385,17.73892339177946,7.0,7.0,2.0,6.0,22.0,B composite=median
SPEI1,1183,0.41628268621660164,0.3908478940819935,0.10290011719722791,16.52445308451462,5.0,5.0,5.0,5.0,20.0,B composite=median
SPI6,1183,0.40619624221163203,0.3809267307758876,0.11570308970001175,15.580128804228373,4.0,3.0,6.0,3.0,16.0,B composite=median
SPEI12,1183,0.3841528753999216,0.38444880102302315,0.10023566405712536,16.359202225607632,3.0,4.0,4.0,4.0,15.0,B composite=median
SPI12,1183,0.3437491419097256,0.33702472441237435,0.09642106815416085,14.430138497502014,2.0,2.0,3.0,1.0,8.0,B composite=median
SPI1,1183,0.32444359438665316,0.3149525736179466,0.0769267454046414,14.544579592821826,1.0,1.0,1.0,2.0,5.0,B composite=median
SPEI3,1183,0.4350858036983156,0.4332266228905312,0.12300897389586662,18.230355583526652,10.0,9.0,10.0,10.0,39.0,B composite=samescene
SPI3,1183,0.4215315989986422,0.4332365169199,0.12237814807615877,17.805062863195907,9.0,10.0,9.0,9.0,37.0,B composite=samescene
SPI9,1183,0.37696129139309,0.3785035812034818,0.10751590514856169,17.13336602339959,8.0,7.0,8.0,8.0,31.0,B composite=samescene
SPEI9,1183,0.37406813387270177,0.38020240045621034,0.10577954982101723,16.977764078451457,7.0,8.0,7.0,7.0,29.0,B composite=samescene
SPI6,1183,0.35846535408754665,0.3374747646506727,0.07745122116740522,14.075156397240079,6.0,6.0,5.0,6.0,23.0,B composite=samescene
SPEI6,1183,0.3504092556947918,0.3315616867323677,0.07869167999704363,13.595100277743889,5.0,5.0,6.0,5.0,21.0,B composite=samescene
SPEI1,1183,0.31783039366109656,0.31588208447386945,0.05641026126380755,12.216402587299719,4.0,4.0,4.0,1.0,13.0,B composite=samescene
SPI12,1183,0.2898707158952839,0.29008084101967146,0.05168678598474319,13.164555915523785,3.0,2.0,3.0,4.0,12.0,B composite=samescene
SPEI12,1183,0.2855843341442618,0.29306432037396757,0.05060822298456458,12.723210335275382,2.0,3.0,2.0,3.0,10.0,B composite=samescene
SPI1,1183,0.26128233143343355,0.27616512312065244,0.016376934742415195,12.412542540376236,1.0,1.0,1.0,2.0,5.0,B composite=samescene
SPEI3,1183,0.48995959234886094,0.4785633570288003,0.1204209992442129,19.459245773161065,10.0,10.0,9.0,10.0,39.0,B composite=max
SPEI9,1183,0.45161973072509143,0.4511219386268196,0.1257182499551659,18.07927364570793,9.0,9.0,10.0,9.0,37.0,B composite=max
SPI3,1183,0.43971291406213037,0.430557962621723,0.09796367421229668,16.822010446493074,8.0,8.0,6.0,8.0,30.0,B composite=max
SPI9,1183,0.4039642950038299,0.3948337458993849,0.10840164412810083,16.215731905500185,6.0,7.0,7.0,7.0,27.0,B composite=max
SPEI12,1183,0.37445535837796856,0.37655683067631535,0.11414855006319335,15.17241062000916,5.0,5.0,8.0,6.0,24.0,B composite=max
SPEI6,1183,0.4109189975313337,0.3856464777979812,0.09318474573409219,14.732474298428222,7.0,6.0,5.0,5.0,23.0,B composite=max
SPEI1,1183,0.35039592739086295,0.3420385191177851,0.05865832745334387,12.929406573901453,3.0,4.0,4.0,2.0,13.0,B composite=max
SPI6,1183,0.36910236834557497,0.3419243740663972,0.047636196043836954,13.088061383051198,4.0,3.0,1.0,4.0,12.0,B composite=max
SPI12,1183,0.32546565569024877,0.32057376592977443,0.05623766870713354,13.082254875613565,2.0,2.0,2.0,3.0,9.0,B composite=max
SPI1,1183,0.24630152128695237,0.2560651559902181,0.056606519993922966,10.680976922919534,1.0,1.0,3.0,1.0,6.0,B composite=max
SPEI3,1133,0.5259079540919147,0.49939616689844485,0.1991218473029237,21.51233443157811,10.0,10.0,10.0,10.0,40.0,C no SLC-off scenes
SPI3,1133,0.48713838782075136,0.466844046431887,0.1283204377220395,19.131419127797223,9.0,9.0,6.0,9.0,33.0,C no SLC-off scenes
SPEI9,1133,0.45807776475510786,0.44763037122210775,0.13332060214822672,19.065054703279614,8.0,8.0,8.0,8.0,32.0,C no SLC-off scenes
SPEI6,1133,0.43202650291097494,0.4053568891622227,0.1344834130143644,17.07272510587549,7.0,6.0,9.0,6.0,28.0,C no SLC-off scenes
SPI9,1133,0.4262607324328339,0.40908352844637236,0.12447437113023607,17.872855417731394,6.0,7.0,5.0,7.0,25.0,C no SLC-off scenes
SPI6,1133,0.40887701673056687,0.38069716377191803,0.13021095286586437,15.759461931846822,5.0,4.0,7.0,4.0,20.0,C no SLC-off scenes
SPEI1,1133,0.40769054126881304,0.3906811264282897,0.1060333429860103,15.92927542668481,4.0,5.0,4.0,5.0,18.0,C no SLC-off scenes
SPEI12,1133,0.3693030574028301,0.36844721696887417,0.06550730391906345,15.639357857598043,3.0,3.0,2.0,3.0,11.0,C no SLC-off scenes
SPI12,1133,0.3335524282409613,0.3278968620995991,0.07718796975950948,14.034532786037268,2.0,2.0,3.0,2.0,9.0,C no SLC-off scenes
SPI1,1133,0.309702214899529,0.30534683114167405,0.0631880286073212,13.253560108774437,1.0,1.0,1.0,1.0,4.0,C no SLC-off scenes
SPEI3,1118,0.5104607636804808,0.48265299508043996,0.1467897609281028,20.204897701168107,10.0,10.0,9.0,10.0,39.0,C no Landsat-7 at all
SPI3,1118,0.4722748767280822,0.4524672827736313,0.1477428355481365,18.134958230300292,9.0,9.0,10.0,8.0,36.0,C no Landsat-7 at all
SPEI9,1118,0.44999673881091046,0.4400554526060972,0.14062235634198217,18.379233451165447,8.0,8.0,8.0,9.0,33.0,C no Landsat-7 at all
SPI9,1118,0.4199701877273915,0.4024626935050871,0.10748955163080876,17.248025549922545,7.0,7.0,5.0,7.0,26.0,C no Landsat-7 at all
SPEI6,1118,0.4161597162457129,0.3910091891789707,0.13701501044759823,15.808181284566963,6.0,6.0,7.0,6.0,25.0,C no Landsat-7 at all
SPEI1,1118,0.4002628611808237,0.3818100103077986,0.10428247010531866,15.194117539141175,5.0,5.0,4.0,5.0,19.0,C no Landsat-7 at all
SPI6,1118,0.3949744129009527,0.3689654993413185,0.12352091305410262,14.981427376772778,4.0,4.0,6.0,4.0,18.0,C no Landsat-7 at all
SPEI12,1118,0.3563358450950606,0.3559907987000682,0.05315560169628508,14.373205404717552,3.0,3.0,1.0,3.0,10.0,C no Landsat-7 at all
SPI12,1118,0.3232321802334492,0.31760311709749167,0.05956916528695633,13.371680241529667,2.0,2.0,2.0,2.0,8.0,C no Landsat-7 at all
SPI1,1118,0.3008186297928717,0.29704196249314385,0.06748769248643338,12.432698219719306,1.0,1.0,3.0,1.0,6.0,C no Landsat-7 at all
SPEI3,357,0.5833182722591589,0.5354289923461614,0.2359972394116232,29.52673934226673,10.0,9.0,8.0,9.0,36.0,C Landsat-8/9 only (2013-2024)
SPI3,357,0.5588753199537659,0.5364980099091433,0.21295650615684503,29.539011422499833,8.0,10.0,7.0,10.0,35.0,C Landsat-8/9 only (2013-2024)
SPI6,357,0.5505515407130882,0.5199130574351343,0.268463356816103,28.302610237039588,7.0,8.0,10.0,6.0,31.0,C Landsat-8/9 only (2013-2024)
SPEI6,357,0.5589418599832146,0.5121822563170083,0.25163683053842467,27.90290549810008,9.0,6.0,9.0,5.0,29.0,C Landsat-8/9 only (2013-2024)
SPEI12,357,0.51430720890305,0.5046215744961152,0.20309029811655765,28.363385276303198,6.0,5.0,6.0,7.0,24.0,C Landsat-8/9 only (2013-2024)
SPEI9,357,0.5124228878175031,0.5137312650497965,0.14381953044874507,28.593511390337532,5.0,7.0,3.0,8.0,23.0,C Landsat-8/9 only (2013-2024)
SPI12,357,0.4623546200721352,0.44917165112706153,0.1491944860180685,26.004720367192974,3.0,3.0,5.0,4.0,15.0,C Landsat-8/9 only (2013-2024)
SPI9,357,0.4696921884739987,0.468518303360584,0.10552522065218861,25.636751041886072,4.0,4.0,1.0,3.0,12.0,C Landsat-8/9 only (2013-2024)
SPEI1,357,0.44312777261541797,0.4155650455227023,0.14398025102621848,22.283949626689406,2.0,2.0,4.0,2.0,10.0,C Landsat-8/9 only (2013-2024)
SPI1,357,0.33342650628691783,0.32847029048976517,0.12248939847575713,20.322877866293567,1.0,1.0,2.0,1.0,5.0,C Landsat-8/9 only (2013-2024)
SPEI3,1183,0.5203572654065759,0.5016500836242928,0.15010453377794697,21.256581516651707,10.0,10.0,10.0,10.0,40.0,D pixels=v2018 window=Jun-Oct (paper)
SPI3,1183,0.4834598030192175,0.47452565248355344,0.14852450244977433,19.184114417926786,9.0,9.0,8.0,8.0,34.0,D pixels=v2018 window=Jun-Oct (paper)
SPEI9,1183,0.4642848911233842,0.4587422775780875,0.14334011646541622,19.579954609318165,8.0,8.0,7.0,9.0,32.0,D pixels=v2018 window=Jun-Oct (paper)
SPI9,1183,0.4340764184492776,0.42092776231185086,0.1492593073349946,18.389773732717202,6.0,7.0,9.0,7.0,29.0,D pixels=v2018 window=Jun-Oct (paper)
SPEI6,1183,0.4370573223788034,0.4059998337491232,0.10445926688838636,16.37784442884344,7.0,6.0,4.0,6.0,23.0,D pixels=v2018 window=Jun-Oct (paper)
SPI6,1183,0.4099897708243308,0.37679238344690524,0.12154621008895816,15.36736830191466,5.0,4.0,6.0,3.0,18.0,D pixels=v2018 window=Jun-Oct (paper)
SPEI1,1183,0.40877040286526,0.38774490107955045,0.09407603693669486,15.632545088080477,4.0,5.0,3.0,5.0,17.0,D pixels=v2018 window=Jun-Oct (paper)
SPEI12,1183,0.37120543689292007,0.36926201763367544,0.11737940088720222,15.512704815211421,3.0,3.0,5.0,4.0,15.0,D pixels=v2018 window=Jun-Oct (paper)
SPI12,1183,0.34133003457254174,0.3321802603610734,0.09104268822718264,14.45404219093674,2.0,2.0,2.0,2.0,8.0,D pixels=v2018 window=Jun-Oct (paper)
SPI1,1183,0.3121610617967842,0.3111190457147686,0.059948251786575035,13.842037552069684,1.0,1.0,1.0,1.0,4.0,D pixels=v2018 window=Jun-Oct (paper)
SPEI1,707,0.31722158780860177,0.3111197798473027,0.05753591921829049,11.39768823253803,10.0,10.0,10.0,10.0,40.0,D pixels=v2018 window=Apr-Jun (wheat season)
SPI1,707,0.25156659639209383,0.2489449542199544,0.04253289477164657,9.282647254116377,9.0,9.0,9.0,9.0,36.0,D pixels=v2018 window=Apr-Jun (wheat season)
SPEI3,707,0.19791245832104204,0.20759932518778498,0.02432503523694951,7.466904098098908,8.0,8.0,8.0,8.0,32.0,D pixels=v2018 window=Apr-Jun (wheat season)
SPI3,707,0.1498437860461981,0.1537947096352486,0.020402234134992092,5.775019783408453,7.0,7.0,7.0,7.0,28.0,D pixels=v2018 window=Apr-Jun (wheat season)
SPEI6,707,-0.029325586088226753,-0.040147367458830546,0.004164552161656232,-4.058576643320549,6.0,6.0,5.0,2.0,19.0,D pixels=v2018 window=Apr-Jun (wheat season)
SPEI9,707,-0.06266765576620562,-0.043769413398136975,0.0,-1.055954228106252,5.0,5.0,2.5,6.0,18.5,D pixels=v2018 window=Apr-Jun (wheat season)
SPEI12,707,-0.0996645066613885,-0.0727340319377883,0.01946689916153943,-1.8662505851321924,2.0,3.0,6.0,5.0,16.0,D pixels=v2018 window=Apr-Jun (wheat season)
SPI9,707,-0.06827769716998332,-0.054204031986754234,0.0,-2.2467136655196356,3.0,4.0,2.5,4.0,13.5,D pixels=v2018 window=Apr-Jun (wheat season)
SPI6,707,-0.06669465405615177,-0.07309478782700926,0.0,-4.143931838605255,4.0,2.0,2.5,1.0,9.5,D pixels=v2018 window=Apr-Jun (wheat season)
SPI12,707,-0.12301661203929025,-0.09732993424623378,0.0,-3.012857645247067,1.0,1.0,2.5,3.0,7.5,D pixels=v2018 window=Apr-Jun (wheat season)
SPEI9,715,0.5709192516673945,0.5579778275611289,0.23864479869908717,23.237479898336908,10.0,10.0,10.0,10.0,40.0,D pixels=v2018 window=Jul-Sep (sunflower season)
SPEI3,715,0.5562474745292905,0.5271875849154983,0.20102728217504673,22.268592846016887,9.0,9.0,8.0,9.0,35.0,D pixels=v2018 window=Jul-Sep (sunflower season)
SPI9,715,0.5388781894252902,0.5166977585090256,0.23148368752328397,22.05612369407484,7.0,8.0,9.0,8.0,32.0,D pixels=v2018 window=Jul-Sep (sunflower season)
SPEI6,715,0.5416632711228817,0.501729867297667,0.18387227776462867,20.58400186701284,8.0,6.0,7.0,6.0,27.0,D pixels=v2018 window=Jul-Sep (sunflower season)
SPI3,715,0.5239527512858708,0.5081161860233874,0.15336024430900252,20.965499134545702,5.0,7.0,4.0,7.0,23.0,D pixels=v2018 window=Jul-Sep (sunflower season)
SPI6,715,0.5257366849792431,0.4851072801315589,0.17095981660139348,20.336481600264385,6.0,5.0,6.0,5.0,22.0,D pixels=v2018 window=Jul-Sep (sunflower season)
SPEI12,715,0.46760829091696615,0.45759092887365466,0.16711981053298697,19.203361227124127,4.0,4.0,5.0,4.0,17.0,D pixels=v2018 window=Jul-Sep (sunflower season)
SPI12,715,0.44377825478454325,0.42196596150970106,0.13414183136098634,18.41532162292207,3.0,3.0,3.0,3.0,12.0,D pixels=v2018 window=Jul-Sep (sunflower season)
SPEI1,715,0.4104906281638497,0.3859083534247008,0.10647779684060898,16.657955026686814,2.0,2.0,2.0,2.0,8.0,D pixels=v2018 window=Jul-Sep (sunflower season)
SPI1,715,0.29577295896950356,0.28573903225456304,0.07398310200322822,14.046918476616774,1.0,1.0,1.0,1.0,4.0,D pixels=v2018 window=Jul-Sep (sunflower season)
SPEI3,1183,0.5278083530166724,0.5091481157362903,0.1634787148245982,21.95966739067513,10.0,10.0,10.0,10.0,40.0,D pixels=wheat window=Jun-Oct (paper)
SPI3,1183,0.47514812299836684,0.4639350618777373,0.14302343607339818,19.128213780125243,9.0,9.0,9.0,9.0,36.0,D pixels=wheat window=Jun-Oct (paper)
SPEI9,1183,0.44554255692261185,0.4443415081802967,0.10986822062514445,18.9310137919367,8.0,8.0,6.0,8.0,30.0,D pixels=wheat window=Jun-Oct (paper)
SPEI6,1183,0.41927461642268404,0.3967768120490974,0.11480497311933302,16.19910896260459,7.0,6.0,7.0,6.0,26.0,D pixels=wheat window=Jun-Oct (paper)
SPI9,1183,0.405980668023129,0.39836503397898615,0.10296590660134086,17.08153361066607,6.0,7.0,5.0,7.0,25.0,D pixels=wheat window=Jun-Oct (paper)
SPI6,1183,0.3788239648310079,0.35229844026256946,0.11564685552583764,14.541021327077658,4.0,3.0,8.0,3.0,18.0,D pixels=wheat window=Jun-Oct (paper)
SPEI1,1183,0.3895248128930765,0.37107316691423287,0.06114616665143302,15.175871540393182,5.0,5.0,2.0,4.0,16.0,D pixels=wheat window=Jun-Oct (paper)
SPEI12,1183,0.3493064198712813,0.3590766790215594,0.07114697953563187,15.199640699489791,3.0,4.0,3.0,5.0,15.0,D pixels=wheat window=Jun-Oct (paper)
SPI12,1183,0.31508166821252365,0.3170327075162142,0.049672528079208966,13.795924770019397,2.0,2.0,1.0,2.0,7.0,D pixels=wheat window=Jun-Oct (paper)
SPI1,1183,0.28861614364628274,0.2859057575927196,0.07378448738659138,12.918554733292417,1.0,1.0,4.0,1.0,7.0,D pixels=wheat window=Jun-Oct (paper)
SPEI1,707,0.26746091423757795,0.2581462430456536,0.04133292448551451,9.306983976202808,10.0,10.0,8.0,10.0,38.0,D pixels=wheat window=Apr-Jun (wheat season)
SPEI3,707,0.2365297682622069,0.2389676343873298,0.07992883413871565,9.078092502272234,9.0,9.0,10.0,9.0,37.0,D pixels=wheat window=Apr-Jun (wheat season)
SPI3,707,0.17913788435879952,0.17001039521291894,0.05370023749847608,7.363082844805952,7.0,7.0,9.0,8.0,31.0,D pixels=wheat window=Apr-Jun (wheat season)
SPI1,707,0.20012527857426252,0.1910649443037723,0.02886954880371384,6.900979439897455,8.0,8.0,7.0,7.0,30.0,D pixels=wheat window=Apr-Jun (wheat season)
SPEI6,707,0.018104543800631184,0.0027369003747550473,0.013309167581692094,-2.007923214111763,6.0,6.0,4.0,2.0,18.0,D pixels=wheat window=Apr-Jun (wheat season)
SPEI9,707,-0.027634961288042107,-0.00981256884484448,0.008137732976130962,0.06673633281539537,5.0,5.0,1.0,6.0,17.0,D pixels=wheat window=Apr-Jun (wheat season)
SPEI12,707,-0.06933106290953953,-0.03313815883278785,0.013487319720038471,-0.49462682274296554,2.0,3.0,5.0,5.0,15.0,D pixels=wheat window=Apr-Jun (wheat season)
SPI9,707,-0.03649341314384831,-0.024898000797810158,0.008193937661271633,-1.312777450972284,3.0,4.0,2.0,3.0,12.0,D pixels=wheat window=Apr-Jun (wheat season)
SPI12,707,-0.09113204840141644,-0.05557179481861872,0.014825001841415109,-1.2083366582996788,1.0,1.0,6.0,4.0,12.0,D pixels=wheat window=Apr-Jun (wheat season)
SPI6,707,-0.02850328329223491,-0.04025927886918521,0.008829775196538492,-2.4304439099829978,4.0,2.0,3.0,1.0,10.0,D pixels=wheat window=Apr-Jun (wheat season)
SPEI3,715,0.5775565894746644,0.5517394659021136,0.21286537190235189,22.56239961208308,10.0,10.0,10.0,10.0,40.0,D pixels=wheat window=Jul-Sep (sunflower season)
SPEI9,715,0.5554403887224096,0.5449433038981497,0.20865342624693994,21.84383335728957,9.0,9.0,9.0,9.0,36.0,D pixels=wheat window=Jul-Sep (sunflower season)
SPI3,715,0.5339811590476043,0.5183447283641948,0.18000937326513755,20.8553461654482,7.0,8.0,8.0,8.0,31.0,D pixels=wheat window=Jul-Sep (sunflower season)
SPEI6,715,0.5357008239386192,0.5029223079682663,0.16234297891244376,19.982656235068962,8.0,7.0,5.0,6.0,26.0,D pixels=wheat window=Jul-Sep (sunflower season)
SPI9,715,0.5151108978297944,0.49618316657366024,0.17583305994138732,20.106556764858578,6.0,6.0,7.0,7.0,26.0,D pixels=wheat window=Jul-Sep (sunflower season)
SPI6,715,0.5102615491781022,0.47149066944703993,0.17317791674333805,19.498604554840895,5.0,5.0,6.0,5.0,21.0,D pixels=wheat window=Jul-Sep (sunflower season)
SPEI12,715,0.44779330248062355,0.44416039466288004,0.11098562300936488,18.17729393060808,4.0,4.0,4.0,4.0,16.0,D pixels=wheat window=Jul-Sep (sunflower season)
SPI12,715,0.4188502094047424,0.4001567345067102,0.08555621305288952,16.792551189788306,3.0,3.0,2.0,3.0,11.0,D pixels=wheat window=Jul-Sep (sunflower season)
SPEI1,715,0.4159723913486974,0.39560359092136965,0.09399538381255601,16.400855387424265,2.0,2.0,3.0,2.0,9.0,D pixels=wheat window=Jul-Sep (sunflower season)
SPI1,715,0.2911677798468582,0.2792552027871662,0.058895049786308995,13.28179783862484,1.0,1.0,1.0,1.0,4.0,D pixels=wheat window=Jul-Sep (sunflower season)
SPEI3,1183,0.41434152828102866,0.3898057692093977,0.07612952020305652,16.48563414214022,10.0,10.0,7.0,10.0,37.0,D pixels=sun window=Jun-Oct (paper)
SPEI1,1183,0.3709967380992621,0.3575794430087254,0.09468649962086939,14.953143946098074,8.0,8.0,10.0,9.0,35.0,D pixels=sun window=Jun-Oct (paper)
SPI3,1183,0.38502892728201005,0.36393573902440984,0.06676479541893965,14.843240584956497,9.0,9.0,6.0,8.0,32.0,D pixels=sun window=Jun-Oct (paper)
SPEI9,1183,0.315683633799669,0.3122031669762314,0.09240199121865622,13.72198875125077,6.0,7.0,9.0,7.0,29.0,D pixels=sun window=Jun-Oct (paper)
SPI6,1183,0.3133273968840487,0.28299454226976983,0.0811846731258381,11.5156758515636,5.0,4.0,8.0,3.0,20.0,D pixels=sun window=Jun-Oct (paper)
SPEI6,1183,0.3409177363796509,0.3118277996536786,0.049893289393230233,12.827319727978754,7.0,6.0,2.0,4.0,19.0,D pixels=sun window=Jun-Oct (paper)
SPI1,1183,0.2932208560909859,0.29364129923467847,0.0573374264589992,13.388156022191069,4.0,5.0,4.0,6.0,19.0,D pixels=sun window=Jun-Oct (paper)
SPI9,1183,0.28813086251160996,0.27742454721647086,0.06211708169618646,12.8337055016381,3.0,3.0,5.0,5.0,16.0,D pixels=sun window=Jun-Oct (paper)
SPEI12,1183,0.2232254799335397,0.2264892623594505,0.05065401056763186,9.362928066717735,2.0,2.0,3.0,2.0,9.0,D pixels=sun window=Jun-Oct (paper)
SPI12,1183,0.20467379444395825,0.20233188506305866,0.021965511650153147,8.908943627852238,1.0,1.0,1.0,1.0,4.0,D pixels=sun window=Jun-Oct (paper)
SPEI1,707,0.3228519385971558,0.32711407628977834,0.09153385534381986,13.497794339843708,10.0,10.0,10.0,10.0,40.0,D pixels=sun window=Apr-Jun (wheat season)
SPI1,707,0.2823295674004336,0.2836010416316692,0.05715586682186835,11.66935913484783,9.0,9.0,9.0,9.0,36.0,D pixels=sun window=Apr-Jun (wheat season)
SPEI3,707,0.1407240797249887,0.13127005714068102,0.03349878637386716,4.675201004471447,8.0,8.0,7.0,7.0,30.0,D pixels=sun window=Apr-Jun (wheat season)
SPI3,707,0.12282598920221585,0.11485869268374178,0.04862987765540794,5.032352025557955,7.0,7.0,8.0,8.0,30.0,D pixels=sun window=Apr-Jun (wheat season)
SPI6,707,-0.03483906514745812,-0.03546227789927205,0.030334009870854217,-2.7857788347574015,5.0,6.0,6.0,5.0,22.0,D pixels=sun window=Apr-Jun (wheat season)
SPI9,707,-0.0543079998617194,-0.048190187111681625,0.024079407758537563,-2.473300750850427,4.0,4.0,5.0,6.0,19.0,D pixels=sun window=Apr-Jun (wheat season)
SPEI6,707,-0.03229592020449621,-0.03850507503507439,0.015263561172827345,-3.8667162044330396,6.0,5.0,3.0,2.0,16.0,D pixels=sun window=Apr-Jun (wheat season)
SPEI9,707,-0.06688443832863881,-0.05290641497510079,0.0232815062179359,-2.864504558244292,3.0,3.0,4.0,4.0,14.0,D pixels=sun window=Apr-Jun (wheat season)
SPEI12,707,-0.10287959885383245,-0.09332392430600679,0.0,-3.9600864179155764,2.0,2.0,1.5,1.0,6.5,D pixels=sun window=Apr-Jun (wheat season)
SPI12,707,-0.10535669481357879,-0.09916036425557723,0.0,-3.778339030793788,1.0,1.0,1.5,3.0,6.5,D pixels=sun window=Apr-Jun (wheat season)
SPEI3,715,0.4288308723137339,0.4026427729352475,0.09585210748114603,17.98124909433001,10.0,10.0,8.0,10.0,38.0,D pixels=sun window=Jul-Sep (sunflower season)
SPEI6,715,0.4231574015205327,0.3876256835507575,0.09032690263679033,17.02876182061638,9.0,9.0,7.0,9.0,34.0,D pixels=sun window=Jul-Sep (sunflower season)
SPEI9,715,0.3800677162511146,0.3723099444098459,0.11535617974317702,16.582380022989355,6.0,7.0,9.0,8.0,30.0,D pixels=sun window=Jul-Sep (sunflower season)
SPI6,715,0.39930631226328017,0.35990651707575666,0.11586881993672149,15.729275447890728,7.0,6.0,10.0,6.0,29.0,D pixels=sun window=Jul-Sep (sunflower season)
SPI3,715,0.4083293697888821,0.38352243824274457,0.0676380730632582,16.2742415007261,8.0,8.0,4.0,7.0,27.0,D pixels=sun window=Jul-Sep (sunflower season)
SPI9,715,0.350322920942253,0.3295416462327104,0.0710709239990237,14.9499218375717,5.0,5.0,6.0,5.0,21.0,D pixels=sun window=Jul-Sep (sunflower season)
SPEI1,715,0.33066575720591485,0.31133716759743707,0.07077192378552244,14.28647645760811,4.0,4.0,5.0,4.0,17.0,D pixels=sun window=Jul-Sep (sunflower season)
SPEI12,715,0.28878121275364826,0.29578794521285484,0.03100362790792932,13.138934144742159,3.0,3.0,1.0,3.0,10.0,D pixels=sun window=Jul-Sep (sunflower season)
SPI12,715,0.27054485622804153,0.2665930728258445,0.05513526974059957,12.61988392203326,2.0,2.0,3.0,2.0,9.0,D pixels=sun window=Jul-Sep (sunflower season)
SPI1,715,0.2379234239800504,0.2314505871719464,0.041873835168589224,11.77664769398934,1.0,1.0,2.0,1.0,5.0,D pixels=sun window=Jul-Sep (sunflower season)
