variant,n,winner,winner_composite,r_SPEI1,r_SPEI3,comp_SPEI3,r_SPEI6,r_SPEI9,comp_SPEI9,r_SPI3,r_ipsala,plateau_mean_r,gap
A mask=none,1183,SPEI3,40.0,0.39392498276374754,0.4903763618843284,40.0,0.4143085324582644,0.44139480372559925,34.0,0.4625404796728735,0.27049237299581036,0.49542290588632837,0.224930532890518
A mask=stable,1183,SPEI3,40.0,0.4117568645785834,0.5258598276079025,40.0,0.43660457694675603,0.4607457958286733,34.0,0.4839024542819583,0.20700969276109688,0.5261786100586029,0.319168917297506
A mask=v1990,1183,SPEI3,40.0,0.407464332034792,0.5236795911868082,40.0,0.43214150016805514,0.4608247628492739,34.0,0.48271322153568597,0.3412806881286101,0.524136136305168,0.18285544817655786
A mask=v2000,1183,SPEI3,40.0,0.4096814151445374,0.5252348606285997,40.0,0.433573155472516,0.4636634561180502,34.0,0.48460033402486374,0.34518864190922605,0.5257064919071261,0.1805178499979001
A mask=v2006,1183,SPEI3,40.0,0.4089038182095372,0.5215535924294472,40.0,0.43624705393829727,0.45942438396335594,33.0,0.48503379667731733,0.21803211608252965,0.5219440155483004,0.30391189946577074
A mask=v2012,1183,SPEI3,40.0,0.4087883742425729,0.5203851462774439,40.0,0.4370579038289963,0.4642227862836065,32.0,0.4834166298712218,0.2166452477252962,0.520616471218405,0.30397122349310884
A mask=v2018,1183,SPEI3,40.0,0.40877040286526,0.5203572654065759,40.0,0.4370573223788034,0.4642848911233842,32.0,0.4834598030192175,0.2165180880273262,0.5205790392082152,0.30406095118088905
A mask=wc40,1183,SPEI3,40.0,0.3992779509503054,0.5144638761604855,40.0,0.43017705732160993,0.456719244642861,33.0,0.47610516369056505,0.2528868273571586,0.5150628399274381,0.26217601257027945
A mask=time-matched vintage,1183,SPEI3,40.0,0.4000501583444297,0.510467406043364,40.0,0.42589459357256976,0.45651098237211707,33.0,0.4763321442712121,0.21507345452646856,0.5104064638670562,0.2953330093405877
B composite=paper,1183,SPEI3,40.0,0.40877040286526,0.5203572654065759,40.0,0.4370573223788034,0.4642848911233842,32.0,0.4834598030192175,0.2165180880273262,0.5205790392082152,0.30406095118088905
B composite=mean,1183,SPEI3,40.0,0.43374554685984923,0.5364001239405584,40.0,0.4551750983412889,0.48327964838965093,34.0,0.49550011337847316,0.38172672605644525,0.5357241940357653,0.15399746797932007
B composite=median,1183,SPEI3,40.0,0.41628268621660164,0.5208767187316244,40.0,0.4470067940746289,0.4740203563249695,34.0,0.4780317274682533,0.4464404167450863,0.5196772987370474,0.0732368819919611
B composite=samescene,1183,SPEI3,39.0,0.31783039366109656,0.4350858036983156,39.0,0.3504092556947918,0.37406813387270177,29.0,0.4215315989986422,0.16689156868825128,0.4361127948680546,0.2692212261798033
B composite=max,1183,SPEI3,39.0,0.35039592739086295,0.48995959234886094,39.0,0.4109189975313337,0.45161973072509143,37.0,0.43971291406213037,0.2727457290701214,0.4921068599590784,0.21936113088895698
C no SLC-off scenes,1133,SPEI3,40.0,0.40769054126881304,0.5259079540919147,40.0,0.43202650291097494,0.45807776475510786,32.0,0.48713838782075136,0.42961939453181075,0.526149669525159,0.09653027499334821
C no Landsat-7 at all,1118,SPEI3,39.0,0.4002628611808237,0.5104607636804808,39.0,0.4161597162457129,0.44999673881091046,33.0,0.4722748767280822,0.36753078913394027,0.512220473545785,0.14468968441184477
C Landsat-8/9 only (2013-2024),357,SPEI3,36.0,0.44312777261541797,0.5833182722591589,36.0,0.5589418599832146,0.5124228878175031,23.0,0.5588753199537659,0.49556225739729953,0.5915684121039638,0.09600615470666429
D pixels=v2018 window=Jun-Oct (paper),1183,SPEI3,40.0,0.40877040286526,0.5203572654065759,40.0,0.4370573223788034,0.4642848911233842,32.0,0.4834598030192175,0.2165180880273262,0.5205790392082152,0.30406095118088905
D pixels=v2018 window=Apr-Jun (wheat season),707,SPEI1,40.0,0.31722158780860177,0.19791245832104204,32.0,-0.029325586088226753,-0.06266765576620562,18.5,0.1498437860461981,0.06969335804768327,0.20112477458339542,0.13143141653571216
D pixels=v2018 window=Jul-Sep (sunflower season),715,SPEI9,40.0,0.4104906281638497,0.5562474745292905,35.0,0.5416632711228817,0.5709192516673945,40.0,0.5239527512858708,0.22420976364917344,0.5600167147244911,0.33580695107531766
D pixels=wheat window=Jun-Oct (paper),1183,SPEI3,40.0,0.3895248128930765,0.5278083530166724,40.0,0.41927461642268404,0.44554255692261185,30.0,0.47514812299836684,0.39569385931418605,0.528464322409825,0.13277046309563895
D pixels=wheat window=Apr-Jun (wheat season),707,SPEI1,38.0,0.26746091423757795,0.2365297682622069,37.0,0.018104543800631184,-0.027634961288042107,17.0,0.17913788435879952,0.13504612892872248,0.23793001059285956,0.10288388166413709
D pixels=wheat window=Jul-Sep (sunflower season),715,SPEI3,40.0,0.4159723913486974,0.5775565894746644,40.0,0.5357008239386192,0.5554403887224096,36.0,0.5339811590476043,0.43218741454890974,0.5799932050220321,0.14780579047312237
D pixels=sun window=Jun-Oct (paper),1183,SPEI3,37.0,0.3709967380992621,0.41434152828102866,37.0,0.3409177363796509,0.315683633799669,29.0,0.38502892728201005,0.12087326064231425,0.4131435008986908,0.29227024025637655
D pixels=sun window=Apr-Jun (wheat season),707,SPEI1,40.0,0.3228519385971558,0.1407240797249887,30.0,-0.03229592020449621,-0.06688443832863881,14.0,0.12282598920221585,0.026981657628511097,0.14705278806574687,0.12007113043723577
D pixels=sun window=Jul-Sep (sunflower season),715,SPEI3,38.0,0.33066575720591485,0.4288308723137339,38.0,0.4231574015205327,0.3800677162511146,30.0,0.4083293697888821,0.13760498762329396,0.42396703912690753,0.2863620515036136
