composite,period,r_ipsala,plateau,gap
paper,1985-2002 (pre SLC-off),0.33989588028085616,0.5330151978775954,0.19311931759673928
paper,2003-2012,0.06063953292596425,0.4939766932270689,0.43333716030110464
paper,2013-2024,0.2871354808264407,0.6000270782795839,0.3128915974531432
no SLC-off,1985-2002 (pre SLC-off),0.37477265895803724,0.5404545377447213,0.16568187878668406
no SLC-off,2003-2012,0.39503920266588344,0.5308231794082435,0.1357839767423601
no SLC-off,2013-2024,0.5079502580386216,0.5889071228407907,0.08095686480216913
median,1985-2002 (pre SLC-off),0.43489571637615015,0.5294454441875119,0.09454972781136178
median,2003-2012,0.47853976139340815,0.47538865233830513,-0.0031511090551030185
median,2013-2024,0.4787822687131099,0.6029637739561767,0.12418150524306681
