composite,pixels,window,n,winner,score,r_SPEI1,r_SPEI3,r_SPEI6,r_SPEI9,r_SPEI12
"paper (all scenes, max)",v2018,Apr-Jun,707,SPEI1,40.0,0.31722158780860177,0.19791245832104204,-0.029325586088226753,-0.06266765576620562,-0.0996645066613885
"paper (all scenes, max)",v2018,Jun-Oct,1183,SPEI3,40.0,0.40877040286526,0.5203572654065759,0.4370573223788034,0.4642848911233842,0.37120543689292007
"paper (all scenes, max)",v2018,Jul-Sep,715,SPEI9,40.0,0.4104906281638497,0.5562474745292905,0.5416632711228817,0.5709192516673945,0.46760829091696615
"paper (all scenes, max)",v2018,Aug-Sep,475,SPEI9,40.0,0.36264385677872796,0.563323496577763,0.5281636324465058,0.5852025452069552,0.4981167271399344
"paper (all scenes, max)",wheat,Apr-Jun,707,SPEI1,38.0,0.26746091423757795,0.2365297682622069,0.018104543800631184,-0.027634961288042107,-0.06933106290953953
"paper (all scenes, max)",wheat,Jun-Oct,1183,SPEI3,40.0,0.3895248128930765,0.5278083530166724,0.41927461642268404,0.44554255692261185,0.3493064198712813
"paper (all scenes, max)",wheat,Jul-Sep,715,SPEI3,40.0,0.4159723913486974,0.5775565894746644,0.5357008239386192,0.5554403887224096,0.44779330248062355
"paper (all scenes, max)",wheat,Aug-Sep,475,SPEI3,38.0,0.3916316429554348,0.5792381277764376,0.5269649384317194,0.5698723096896984,0.4779453507682606
"paper (all scenes, max)",sun,Apr-Jun,707,SPEI1,40.0,0.3228519385971558,0.1407240797249887,-0.03229592020449621,-0.06688443832863881,-0.10287959885383245
"paper (all scenes, max)",sun,Jun-Oct,1183,SPEI3,37.0,0.3709967380992621,0.41434152828102866,0.3409177363796509,0.315683633799669,0.2232254799335397
"paper (all scenes, max)",sun,Jul-Sep,715,SPEI3,38.0,0.33066575720591485,0.4288308723137339,0.4231574015205327,0.3800677162511146,0.28878121275364826
"paper (all scenes, max)",sun,Aug-Sep,475,SPEI3,34.0,0.27421068524216674,0.4033618556185184,0.3999593080975048,0.36444996302465055,0.2958504671393311
"QC: no SLC-off, cov>=50%, max",v2018,Apr-Jun,589,SPEI1,40.0,0.31079653555670983,0.23094533868177733,-0.02504620533332382,-0.0688373412261498,-0.11327039079937742
"QC: no SLC-off, cov>=50%, max",v2018,Jun-Oct,1024,SPEI3,40.0,0.401685836142887,0.5418610122609281,0.44026815845351275,0.45924756829680613,0.3873538178688851
"QC: no SLC-off, cov>=50%, max",v2018,Jul-Sep,647,SPEI9,39.0,0.4251122705736906,0.5642967081782079,0.5406852661346241,0.5621511896462731,0.5192667822954371
"QC: no SLC-off, cov>=50%, max",v2018,Aug-Sep,415,SPEI9,38.0,0.37507502425457123,0.5892958506176943,0.5202828128599928,0.5701134573011527,0.5530147187304982
"QC: no SLC-off, cov>=50%, max",wheat,Apr-Jun,589,SPEI1,40.0,0.2124164445245029,0.1900117626010206,0.013309819945842542,-0.024643079005943595,-0.0757350518418955
"QC: no SLC-off, cov>=50%, max",wheat,Jun-Oct,1024,SPEI3,40.0,0.361454004780143,0.5132074942740366,0.41533617589031885,0.43856681755570165,0.3654561631749459
"QC: no SLC-off, cov>=50%, max",wheat,Jul-Sep,647,SPEI3,39.0,0.41499499566712633,0.5551303815893823,0.5055683598502317,0.5204841425972778,0.47303640061335495
"QC: no SLC-off, cov>=50%, max",wheat,Aug-Sep,415,SPEI3,38.0,0.39691906491827433,0.5932803357197385,0.507949361101126,0.5410831065749969,0.523459541395861
"QC: no SLC-off, cov>=50%, max",sun,Apr-Jun,589,SPEI1,40.0,0.27554215697559475,0.21646078832947951,0.001508769178142636,-0.017718150512846344,-0.04568442298408635
"QC: no SLC-off, cov>=50%, max",sun,Jun-Oct,1024,SPEI3,38.0,0.33239826798589756,0.4081806616190486,0.30211226776129324,0.2746534264117917,0.21468261493128785
"QC: no SLC-off, cov>=50%, max",sun,Jul-Sep,647,SPEI3,39.0,0.3260850290517469,0.4023677213100328,0.384913755600163,0.3626930162084558,0.3336609254724978
"QC: no SLC-off, cov>=50%, max",sun,Aug-Sep,415,SPEI3,38.0,0.2767323739149814,0.40952399076791896,0.3592595899107797,0.34705999262964765,0.3429415796543519
median (all scenes),v2018,Apr-Jun,707,SPEI1,40.0,0.3508971916200238,0.22636397407540076,-0.023664271505866585,-0.07303082177397106,-0.1103145668802282
median (all scenes),v2018,Jun-Oct,1183,SPEI3,40.0,0.41628268621660164,0.5208767187316244,0.4470067940746289,0.4740203563249695,0.3841528753999216
median (all scenes),v2018,Jul-Sep,715,SPEI9,40.0,0.4175852593345258,0.5408195623539338,0.5445271636920469,0.5864467606947131,0.4953839193823352
median (all scenes),v2018,Aug-Sep,475,SPEI9,40.0,0.35386499128986315,0.5523496540839977,0.5115324135737706,0.5920455047606634,0.5086263256978507
median (all scenes),wheat,Apr-Jun,707,SPEI1,40.0,0.27385504235998837,0.2446421260576078,0.031856936919026184,-0.031120620037881387,-0.06038984239131125
median (all scenes),wheat,Jun-Oct,1183,SPEI3,40.0,0.387348224881308,0.5263243682062877,0.44065806062865237,0.46507117359508704,0.381647857558569
median (all scenes),wheat,Jul-Sep,715,SPEI9,40.0,0.415652867086608,0.5470552860592721,0.5271590622786076,0.5580011131264244,0.4666847500054929
median (all scenes),wheat,Aug-Sep,475,SPEI9,40.0,0.3642104345300155,0.5530371807262685,0.5013698346729326,0.5584924137971723,0.47672579401055576
median (all scenes),sun,Apr-Jun,707,SPEI1,40.0,0.29711288340620057,0.1780211187176784,-0.037669726552691296,-0.06051420083379069,-0.0724258517329414
median (all scenes),sun,Jun-Oct,1183,SPEI3,40.0,0.3714021358720641,0.3887622825257846,0.32573177295575745,0.31596249145298994,0.23255831703404375
median (all scenes),sun,Jul-Sep,715,SPEI9,37.0,0.3701202931262752,0.4012086963121334,0.4244762371588554,0.40934419853549486,0.3247010553729632
median (all scenes),sun,Aug-Sep,475,SPEI9,40.0,0.313705689363489,0.37570780278834437,0.378092959458192,0.38123720525641375,0.3114988954027358
