variant,n,winner,score,r_SPEI3,r_SPEI9,r_SPI3,r_ipsala,plateau,gap
"median composite, CORINE 2018 (primary)",1183,SPEI3,40.0,0.5208767187316244,0.4740203563249695,0.4780317274682533,0.4464404167450863,0.5196772987370474,0.0732368819919611
"median composite, CORINE 2012",1183,SPEI3,40.0,0.5209706922368076,0.4741439867129473,0.47807367703560333,0.4451535402670977,0.5197637323954118,0.07461019212831416
"median composite, CORINE 2006",1183,SPEI3,40.0,0.5214517047711508,0.47447109127166326,0.47886019136544106,0.44540558896472515,0.5202225298642291,0.07481694089950397
"median composite, CORINE 2000",1183,SPEI3,40.0,0.5151667654654825,0.47123630126355565,0.4718601434794836,0.45973114526968684,0.5144769361294107,0.054745790859723864
"median composite, CORINE 1990",1183,SPEI3,40.0,0.5152940849469215,0.4708100899011338,0.47205185323221693,0.4627003114194614,0.5144900009331493,0.05178968951368795
"median composite, stable class 211 in all five vintages",1183,SPEI3,40.0,0.5154006584497813,0.4695179938252673,0.4714165787892748,0.4370570126655586,0.5145644971147286,0.07750748444917005
"median composite, ESA WorldCover 2021 cropland",1183,SPEI3,40.0,0.5228545456484108,0.4798238688686189,0.4803543243458329,0.36102623439080034,0.5226364782070884,0.16161024381628802
"median composite, no mask (whole district)",1183,SPEI3,40.0,0.5068704866677217,0.45260853505819965,0.4712488252601667,0.39428376795389475,0.5069968834479828,0.11271311549408802
"median composite, time-matched CORINE vintage",1183,SPEI3,40.0,0.5102702945625729,0.4676691045989044,0.4729739666825253,0.44257082088635447,0.5095601126528152,0.06698929176646073
"median composite, SLC-off scenes excluded",1133,SPEI3,40.0,0.5267810950721268,0.47943104793563307,0.48837791883819104,0.43959301303803877,0.5259912717140846,0.08639825867604578
"median composite, Landsat 7 excluded",1118,SPEI3,39.0,0.5153419102842597,0.4707382103206606,0.4778645901900169,0.38625823707817003,0.5150620283244932,0.12880379124632318
"median composite, scenes with ≥50% valid cropland pixels",1099,SPEI3,40.0,0.5312110257741626,0.46455963723423227,0.4844505221219969,0.38933372323562726,0.5328456233711906,0.1435119001355633
NDVI-max / LST-mean composite (submitted version),1183,SPEI3,40.0,0.5203572654065759,0.4642848911233842,0.4834598030192175,0.2165180880273262,0.5205790392082152,0.30406095118088905
"NDVI-max / LST-mean, SLC-off excluded",1133,SPEI3,40.0,0.5259079540919147,0.45807776475510786,0.48713838782075136,0.42961939453181075,0.526149669525159,0.09653027499334821
