fill,district,period,n,SPEI3,SPI3,SPEI9
PCHIP (paper),ipsala,1985-2024,199,0.2165185825112485,0.1671276461544904,0.12764802211222037
PCHIP (paper),luleburgaz,1985-2024,193,0.48602214288308626,0.41044425632739495,0.42294824486898086
PCHIP (paper),corlu,1985-2024,198,0.5572118456573532,0.5242996482361199,0.47631105655393147
PCHIP (paper),ipsala,1985-2014 (pre P-shift),149,0.24405648753777895,0.16536761093322466,0.15857087051610788
PCHIP (paper),ipsala,2015-2024 (post P-shift),50,0.3477474208387649,0.31089621856411864,0.39422868807204403
PCHIP (paper),ALL7 composite,1985-2024,1382,40.0,36.0,32.0
climatological-anomaly fill,ipsala,1985-2024,199,0.2171950442634001,0.16712764615449044,0.12878731130414273
climatological-anomaly fill,luleburgaz,1985-2024,193,0.484525608085886,0.41044425632739495,0.4242247244176083
climatological-anomaly fill,corlu,1985-2024,198,0.554962462456698,0.5242996482361199,0.4782287961734813
climatological-anomaly fill,ipsala,1985-2014 (pre P-shift),149,0.25317575397796327,0.16536761093322466,0.1580850552162816
climatological-anomaly fill,ipsala,2015-2024 (post P-shift),50,0.33179166554929446,0.31089621856411864,0.40202438426086917
climatological-anomaly fill,ALL7 composite,1985-2024,1382,40.0,35.0,33.0
