scenario,index,n,pearson,spearman,MI,tercile_delta,pearson_score,spearman_score,MI_score,tercile_delta_score,composite
S0 baseline (reproduced),SPEI3,1183,0.5203551910493515,0.5016471988595439,0.15014403314941926,21.25646057898586,10.0,10.0,10.0,10.0,40.0
S0 baseline (reproduced),SPI3,1183,0.48345795302155076,0.47452132533639096,0.14858993496075534,19.18399348308788,9.0,9.0,8.0,8.0,34.0
S0 baseline (reproduced),SPEI9,1183,0.46428159975165123,0.4587415527628239,0.1432973601062013,19.57983367524745,8.0,8.0,7.0,9.0,32.0
S0 baseline (reproduced),SPI9,1183,0.4340732171068486,0.42092650113328317,0.14927414139807738,18.38965281748787,6.0,7.0,9.0,7.0,29.0
S0 baseline (reproduced),SPEI6,1183,0.4370523678671436,0.4059984131112066,0.10445854278478794,16.377723488576365,7.0,6.0,4.0,6.0,23.0
S0 baseline (reproduced),SPI6,1183,0.409986196720212,0.376790020549129,0.12161386885936398,15.367247369206652,5.0,4.0,6.0,3.0,18.0
S0 baseline (reproduced),SPEI1,1183,0.4087685983471398,0.38774540120208234,0.0942191980409941,15.632424189006151,4.0,5.0,3.0,5.0,17.0
S0 baseline (reproduced),SPEI12,1183,0.37120036490866265,0.36926014036214294,0.11737501316990517,15.512583898716677,3.0,3.0,5.0,4.0,15.0
S0 baseline (reproduced),SPI12,1183,0.34132551345297446,0.33217769451502666,0.09102898025414774,14.453888917745125,2.0,2.0,2.0,2.0,8.0
S0 baseline (reproduced),SPI1,1183,0.31215783196616487,0.31111887900703866,0.05999504114499654,13.841916962478912,1.0,1.0,1.0,1.0,4.0
S1 step-adjusted: T and P,SPEI3,1183,0.5163980573599246,0.4986572561678238,0.15816460578766023,20.953330885673545,10.0,10.0,10.0,10.0,40.0
S1 step-adjusted: T and P,SPI3,1183,0.4763950039193906,0.46803251363286014,0.12878395776907947,18.897281579027165,9.0,9.0,8.0,9.0,35.0
S1 step-adjusted: T and P,SPEI9,1183,0.4518542953206173,0.4488942125925716,0.1288636024358354,18.75496114580836,8.0,8.0,9.0,8.0,33.0
S1 step-adjusted: T and P,SPI9,1183,0.42285700445231644,0.41385435383737396,0.12528676720862109,18.073427942850792,6.0,7.0,7.0,7.0,27.0
S1 step-adjusted: T and P,SPEI6,1183,0.4281192352980521,0.40256510454686445,0.1232726551516512,16.74826858840369,7.0,6.0,6.0,6.0,25.0
S1 step-adjusted: T and P,SPEI1,1183,0.40711958900125206,0.38680803748660475,0.08696588233114433,15.981965168464136,5.0,5.0,3.0,5.0,18.0
S1 step-adjusted: T and P,SPI6,1183,0.39826642009828706,0.36786204324257316,0.09497754251017287,15.228613268640345,4.0,4.0,4.0,3.0,15.0
S1 step-adjusted: T and P,SPEI12,1183,0.35510686157107507,0.35625981030664045,0.10054731007666273,15.758478379855788,3.0,3.0,5.0,4.0,15.0
S1 step-adjusted: T and P,SPI12,1183,0.32375522338524837,0.3173788331526988,0.07617106334136192,13.622634958331112,2.0,2.0,2.0,2.0,8.0
S1 step-adjusted: T and P,SPI1,1183,0.30860965845394506,0.3071580473364687,0.05777976997929457,13.351932027058574,1.0,1.0,1.0,1.0,4.0
S1a step-adjusted: T only,SPEI3,1183,0.5232983172620319,0.5052340486652349,0.16140048445773036,21.09569330461241,10.0,10.0,10.0,10.0,40.0
S1a step-adjusted: T only,SPI3,1183,0.48345795302155076,0.47452132533639096,0.14858993496075534,19.18399348308788,9.0,9.0,8.0,8.0,34.0
S1a step-adjusted: T only,SPEI9,1183,0.4659936790520099,0.4601575409894177,0.13624225445717553,19.36835188010364,8.0,8.0,7.0,9.0,32.0
S1a step-adjusted: T only,SPI9,1183,0.4340732171068486,0.42092650113328317,0.14927414139807738,18.38965281748787,6.0,7.0,9.0,7.0,29.0
S1a step-adjusted: T only,SPEI6,1183,0.43934499559739365,0.40888010826739557,0.10771141790544991,16.55165959749985,7.0,6.0,4.0,6.0,23.0
S1a step-adjusted: T only,SPEI1,1183,0.4108911594032075,0.39007913601904626,0.10414864150657888,15.94887090513911,5.0,5.0,3.0,5.0,18.0
S1a step-adjusted: T only,SPI6,1183,0.409986196720212,0.376790020549129,0.12161386885936398,15.367247369206652,4.0,4.0,5.0,3.0,16.0
S1a step-adjusted: T only,SPEI12,1183,0.3739372124042844,0.37229046613627037,0.1323650698977863,15.680454814421033,3.0,3.0,6.0,4.0,16.0
S1a step-adjusted: T only,SPI12,1183,0.34132551345297446,0.33217769451502666,0.09102898025414774,14.453888917745125,2.0,2.0,2.0,2.0,8.0
S1a step-adjusted: T only,SPI1,1183,0.31215783196616487,0.31111887900703866,0.05999504114499654,13.841916962478912,1.0,1.0,1.0,1.0,4.0
S1b step-adjusted: P only,SPEI3,1183,0.5133769725363788,0.49513256289505647,0.1395777591954035,20.694724983845944,10.0,10.0,10.0,10.0,40.0
S1b step-adjusted: P only,SPI3,1183,0.4763950039193906,0.46803251363286014,0.12878395776907947,18.897281579027165,9.0,9.0,8.0,9.0,35.0
S1b step-adjusted: P only,SPEI9,1183,0.4498972151148401,0.446349650759906,0.12080348176313027,18.57257188822708,8.0,8.0,6.0,8.0,30.0
S1b step-adjusted: P only,SPEI6,1183,0.42495033398027304,0.39904062509459975,0.13397014499815896,16.649998852807023,7.0,6.0,9.0,6.0,28.0
S1b step-adjusted: P only,SPI9,1183,0.42285700445231644,0.41385435383737396,0.12528676720862109,18.073427942850792,6.0,7.0,7.0,7.0,27.0
S1b step-adjusted: P only,SPEI1,1183,0.40508944220371107,0.3840225289399619,0.06874956749141692,15.794272525838394,5.0,5.0,2.0,5.0,17.0
S1b step-adjusted: P only,SPI6,1183,0.39826642009828706,0.36786204324257316,0.09497754251017287,15.228613268640345,4.0,4.0,4.0,3.0,15.0
S1b step-adjusted: P only,SPEI12,1183,0.35271345509227575,0.3538114205872158,0.1105912186079685,15.300062625531787,3.0,3.0,5.0,4.0,15.0
S1b step-adjusted: P only,SPI12,1183,0.32375522338524837,0.3173788331526988,0.07617106334136192,13.622634958331112,2.0,2.0,3.0,2.0,9.0
S1b step-adjusted: P only,SPI1,1183,0.30860965845394506,0.3071580473364687,0.05777976997929457,13.351932027058574,1.0,1.0,1.0,1.0,4.0
S2 reference period 1985-2024,SPEI3,1183,0.5159799752851283,0.49561095908936453,0.1380806574073734,20.39450574740217,10.0,10.0,9.0,10.0,39.0
S2 reference period 1985-2024,SPI3,1183,0.48158783097526026,0.47236856151896967,0.13616498563087642,19.38861536252398,9.0,9.0,8.0,9.0,35.0
S2 reference period 1985-2024,SPEI9,1183,0.46263093023288926,0.45187706296693814,0.15724508865541775,19.1500885365193,8.0,8.0,10.0,8.0,34.0
S2 reference period 1985-2024,SPEI6,1183,0.43041928812741254,0.3997653932451329,0.10846212977375913,16.405585109773753,7.0,6.0,6.0,6.0,25.0
S2 reference period 1985-2024,SPI9,1183,0.42908405402913613,0.41663715747397995,0.10729362607054416,18.198158026679415,6.0,7.0,5.0,7.0,25.0
S2 reference period 1985-2024,SPEI1,1183,0.3954459774968336,0.383049323803803,0.09846445263423043,15.859683951842655,4.0,5.0,3.0,5.0,17.0
S2 reference period 1985-2024,SPEI12,1183,0.372648120743046,0.3677965027801251,0.12010402202183723,15.647109406170813,3.0,3.0,7.0,4.0,17.0
S2 reference period 1985-2024,SPI6,1183,0.4069192851360451,0.3760414668988963,0.0950197469679459,14.953113091819347,5.0,4.0,2.0,3.0,14.0
S2 reference period 1985-2024,SPI12,1183,0.33800955085506934,0.33084955086658785,0.10225748534764456,14.61927838357979,2.0,2.0,4.0,2.0,10.0
S2 reference period 1985-2024,SPI1,1183,0.30932560395887726,0.3087327106362196,0.04814035501220637,13.692594902119254,1.0,1.0,1.0,1.0,4.0
S3 reference period 1995-2024,SPEI3,1183,0.5077119934338352,0.4935941615130174,0.160498432548974,20.716949053802196,10.0,10.0,10.0,10.0,40.0
S3 reference period 1995-2024,SPI3,1183,0.4787836534122749,0.47101132041313765,0.11820836122135692,19.014190513418185,9.0,9.0,7.0,9.0,34.0
S3 reference period 1995-2024,SPEI9,1183,0.461876496119523,0.4519953310734875,0.1298192247959289,18.94570916325118,8.0,8.0,9.0,8.0,33.0
S3 reference period 1995-2024,SPI9,1183,0.43373524069851255,0.42093437548842927,0.11053661718883578,18.106559734056795,7.0,7.0,6.0,7.0,27.0
S3 reference period 1995-2024,SPEI6,1183,0.4231239058366437,0.3924459260361033,0.10381944405462029,15.982237034899235,6.0,6.0,4.0,5.0,21.0
S3 reference period 1995-2024,SPI6,1183,0.4028452822798264,0.3731845792057958,0.12002426923993426,15.276594832814176,5.0,4.0,8.0,3.0,20.0
S3 reference period 1995-2024,SPEI1,1183,0.38927077567482743,0.3851225305912184,0.06462217168836482,16.02267755130311,4.0,5.0,2.0,6.0,17.0
S3 reference period 1995-2024,SPEI12,1183,0.3671415858793742,0.3620738941985494,0.10356190113366459,15.315751135928615,3.0,3.0,3.0,4.0,13.0
S3 reference period 1995-2024,SPI12,1183,0.33418341105440735,0.3245837143558841,0.10945478877397186,14.329713614910261,2.0,2.0,5.0,2.0,11.0
S3 reference period 1995-2024,SPI1,1183,0.3098065402835384,0.3164529088268036,0.03854173263759186,13.902259713073207,1.0,1.0,1.0,1.0,4.0
"S4 stations without T break (corlu, luleburgaz, tekirdag)",SPEI3,586,0.5112364249145923,0.48857751037028785,0.16191824092554663,20.19307314826922,10.0,10.0,10.0,10.0,40.0
"S4 stations without T break (corlu, luleburgaz, tekirdag)",SPI3,586,0.4716285741503443,0.45546622701731887,0.0833720385498089,18.04627010746602,9.0,9.0,6.0,9.0,33.0
"S4 stations without T break (corlu, luleburgaz, tekirdag)",SPEI9,586,0.4169971643043693,0.407070709977083,0.11459752676047641,17.24767634815101,8.0,8.0,8.0,8.0,32.0
"S4 stations without T break (corlu, luleburgaz, tekirdag)",SPI9,586,0.3836217514575885,0.37107339310907267,0.11899899560517824,16.883517956179247,6.0,6.0,9.0,7.0,28.0
"S4 stations without T break (corlu, luleburgaz, tekirdag)",SPEI6,586,0.40998607785145774,0.37981686847085866,0.07732821480548813,15.99704087785345,7.0,7.0,5.0,6.0,25.0
"S4 stations without T break (corlu, luleburgaz, tekirdag)",SPEI1,586,0.37878970438750215,0.35833649551931673,0.10781330199481332,14.907686967515147,5.0,5.0,7.0,5.0,22.0
"S4 stations without T break (corlu, luleburgaz, tekirdag)",SPI6,586,0.3744950267312549,0.340502427937302,0.058201402573529126,14.787479244604825,4.0,4.0,2.0,4.0,14.0
"S4 stations without T break (corlu, luleburgaz, tekirdag)",SPEI12,586,0.33285301947010626,0.32885594235559945,0.06827639954029374,13.96326776517963,3.0,3.0,4.0,3.0,13.0
"S4 stations without T break (corlu, luleburgaz, tekirdag)",SPI12,586,0.2906810175175242,0.28569602511091513,0.06399965016636822,13.297554924817703,2.0,2.0,3.0,2.0,9.0
"S4 stations without T break (corlu, luleburgaz, tekirdag)",SPI1,586,0.2897082647113237,0.28282140569284375,0.017878821912529652,13.26267408300999,1.0,1.0,1.0,1.0,4.0
"S5 stations without P break (corlu, luleburgaz, uzunkopru)",SPEI3,590,0.5338340839964261,0.5140726622627957,0.18246130139570393,21.64714314556135,10.0,10.0,10.0,10.0,40.0
"S5 stations without P break (corlu, luleburgaz, uzunkopru)",SPEI9,590,0.47551017386499517,0.4678731225935579,0.12811032754116347,19.889287952585732,8.0,9.0,7.0,9.0,33.0
"S5 stations without P break (corlu, luleburgaz, uzunkopru)",SPI3,590,0.47692004213033423,0.4664790851135451,0.13855138765808306,18.118279931763368,9.0,8.0,8.0,7.0,32.0
"S5 stations without P break (corlu, luleburgaz, uzunkopru)",SPI9,590,0.43932226190179224,0.43048727752310334,0.1711092844301918,19.44253293156234,6.0,7.0,9.0,8.0,30.0
"S5 stations without P break (corlu, luleburgaz, uzunkopru)",SPEI6,590,0.44545828183744285,0.41592472159074556,0.09363929057380638,17.532133724062817,7.0,6.0,4.0,6.0,23.0
"S5 stations without P break (corlu, luleburgaz, uzunkopru)",SPEI1,590,0.42948619632777946,0.4158333974832116,0.09713239388135131,16.604300461393784,5.0,5.0,5.0,4.0,19.0
"S5 stations without P break (corlu, luleburgaz, uzunkopru)",SPEI12,590,0.3933523447542967,0.3918607900411733,0.10158309871215954,16.786274767199203,3.0,4.0,6.0,5.0,18.0
"S5 stations without P break (corlu, luleburgaz, uzunkopru)",SPI6,590,0.399040588948745,0.3695486449069595,0.06500411115567628,15.289465897702854,4.0,3.0,2.0,2.0,11.0
"S5 stations without P break (corlu, luleburgaz, uzunkopru)",SPI12,590,0.36916769781152753,0.36387402250920226,0.06603182340164349,16.00049569515108,2.0,2.0,3.0,3.0,10.0
"S5 stations without P break (corlu, luleburgaz, uzunkopru)",SPI1,590,0.3145415370775938,0.31912826817593176,0.013105352164514361,14.880760212126908,1.0,1.0,1.0,1.0,4.0
"S6 stations with T break only (edirne, kirklareli, uzunkopru)",SPEI3,597,0.5301661569787594,0.515154481571999,0.1883886326403892,21.941125687764007,10.0,10.0,9.0,10.0,39.0
"S6 stations with T break only (edirne, kirklareli, uzunkopru)",SPEI9,597,0.51204972423786,0.5121101471549087,0.2148733309042581,21.6710087210986,9.0,9.0,10.0,9.0,37.0
"S6 stations with T break only (edirne, kirklareli, uzunkopru)",SPI3,597,0.49618541370800057,0.4928522079793119,0.18489489228041123,20.02554991888539,8.0,8.0,8.0,7.0,31.0
"S6 stations with T break only (edirne, kirklareli, uzunkopru)",SPI9,597,0.48572449184397604,0.4702960251582275,0.17720433253231427,20.119280921764975,7.0,7.0,7.0,8.0,29.0
"S6 stations with T break only (edirne, kirklareli, uzunkopru)",SPEI6,597,0.46524066887287907,0.43007585273897964,0.140811746803994,16.993803994108788,6.0,6.0,4.0,5.0,21.0
"S6 stations with T break only (edirne, kirklareli, uzunkopru)",SPEI12,597,0.4101445681169828,0.4137033342638443,0.16883773271411773,17.019040445703403,3.0,4.0,6.0,6.0,19.0
"S6 stations with T break only (edirne, kirklareli, uzunkopru)",SPI6,597,0.44761180308434134,0.41267503953567075,0.14830250735265738,16.72793874242371,5.0,3.0,5.0,3.0,16.0
"S6 stations with T break only (edirne, kirklareli, uzunkopru)",SPEI1,597,0.4401877947399914,0.42015348256164725,0.13421174606470432,16.9153200541651,4.0,5.0,3.0,4.0,16.0
"S6 stations with T break only (edirne, kirklareli, uzunkopru)",SPI12,597,0.3929051389132281,0.38154706926477144,0.1177893048090013,15.587852344111283,2.0,2.0,2.0,2.0,8.0
"S6 stations with T break only (edirne, kirklareli, uzunkopru)",SPI1,597,0.33606403420921777,0.3404026402071016,0.09165556287859777,14.177690051921836,1.0,1.0,1.0,1.0,4.0
