index,n,pearson,spearman,MI,tercile_delta,pearson_score,spearman_score,MI_score,tercile_delta_score,composite,scenario
SPEI3,1183,0.5156402772528959,0.49777124923784327,0.14773041558750233,20.896063098549483,10.0,10.0,9.0,10.0,39.0,S1u step-adjusted: union of both SNHT variants
SPI3,1183,0.4763950039193906,0.46803251363286014,0.12878395776907947,18.897281579027165,9.0,9.0,8.0,9.0,35.0,S1u step-adjusted: union of both SNHT variants
SPEI9,1183,0.4511497578548342,0.4484862829381833,0.14975601824596296,18.53802429641633,8.0,8.0,10.0,8.0,34.0,S1u step-adjusted: union of both SNHT variants
SPEI6,1183,0.4277304992984335,0.4025132657592172,0.12749761384698832,16.959771538432143,7.0,6.0,7.0,6.0,26.0,S1u step-adjusted: union of both SNHT variants
SPI9,1183,0.42285700445231644,0.41385435383737396,0.12528676720862109,18.073427942850792,6.0,7.0,6.0,7.0,26.0,S1u step-adjusted: union of both SNHT variants
SPEI1,1183,0.4058083988417633,0.38626060263844586,0.08351697556823012,15.904256484036502,5.0,5.0,3.0,5.0,18.0,S1u step-adjusted: union of both SNHT variants
SPI6,1183,0.39826642009828706,0.36786204324257316,0.09497754251017287,15.228613268640345,4.0,4.0,4.0,3.0,15.0,S1u step-adjusted: union of both SNHT variants
SPEI12,1183,0.35443318332451773,0.35546874692802916,0.10906491360827175,15.485119252389289,3.0,3.0,5.0,4.0,15.0,S1u step-adjusted: union of both SNHT variants
SPI12,1183,0.32375522338524837,0.3173788331526988,0.07617106334136192,13.622634958331112,2.0,2.0,2.0,2.0,8.0,S1u step-adjusted: union of both SNHT variants
SPI1,1183,0.30860965845394506,0.3071580473364687,0.05777976997929457,13.351932027058574,1.0,1.0,1.0,1.0,4.0,S1u step-adjusted: union of both SNHT variants
SPEI3,1183,0.5159351263377195,0.5003716435902581,0.14437530621746575,21.048407446522056,10.0,10.0,10.0,10.0,40.0,S1max step-adjusted: every station at its break year
SPI3,1183,0.47684763927467516,0.46908843006455736,0.12202523897021944,19.28634284776345,9.0,9.0,7.0,9.0,34.0,S1max step-adjusted: every station at its break year
SPEI9,1183,0.45180101474441003,0.4484408515174656,0.13382148374870084,18.751813412510806,8.0,8.0,9.0,8.0,33.0,S1max step-adjusted: every station at its break year
SPEI6,1183,0.42753475505661864,0.40167745591031206,0.12994948097677828,16.29167138461962,7.0,6.0,8.0,6.0,27.0,S1max step-adjusted: every station at its break year
SPI9,1183,0.4209824139293846,0.4117782074853137,0.1045066123427878,17.895492266692152,6.0,7.0,5.0,7.0,25.0,S1max step-adjusted: every station at its break year
SPEI1,1183,0.4075924583118816,0.387484761257395,0.10117090688283348,16.01054850654974,5.0,5.0,4.0,5.0,19.0,S1max step-adjusted: every station at its break year
SPI6,1183,0.39769397520691685,0.3662563230732139,0.10721269606449191,15.38486765874412,4.0,4.0,6.0,3.0,17.0,S1max step-adjusted: every station at its break year
SPEI12,1183,0.35496593620413835,0.35629685199068295,0.09666098098123665,15.91557241847368,3.0,3.0,3.0,4.0,13.0,S1max step-adjusted: every station at its break year
SPI12,1183,0.3223828787089459,0.31509234960129384,0.06789519396955512,13.334814650181428,2.0,2.0,2.0,1.0,7.0,S1max step-adjusted: every station at its break year
SPI1,1183,0.30853802512971124,0.3072788647233842,0.05656169768311159,13.382983711234552,1.0,1.0,1.0,2.0,5.0,S1max step-adjusted: every station at its break year
