scenario,n,winner,winner_composite,r_SPEI3,comp_SPEI3,r_SPI3,comp_SPI3,r_SPEI9,comp_SPEI9,r_SPEI6,r_SPEI1,r_SPEI12,rms_change_SPEI3,corr_SPEI3_vs_base
S0 baseline (reproduced),1183,SPEI3,40.0,0.5203551910493515,40.0,0.48345795302155076,34.0,0.46428159975165123,32.0,0.4370523678671436,0.4087685983471398,0.37120036490866265,,
S1 step-adjusted: T and P,1183,SPEI3,40.0,0.5163980573599246,40.0,0.4763950039193906,35.0,0.4518542953206173,33.0,0.4281192352980521,0.40711958900125206,0.35510686157107507,0.1111227040103424,0.9944842171771185
S1a step-adjusted: T only,1183,SPEI3,40.0,0.5232983172620319,40.0,0.48345795302155076,34.0,0.4659936790520099,32.0,0.43934499559739365,0.4108911594032075,0.3739372124042844,0.03462756401370679,0.9994687868918515
S1b step-adjusted: P only,1183,SPEI3,40.0,0.5133769725363788,40.0,0.4763950039193906,35.0,0.4498972151148401,30.0,0.42495033398027304,0.40508944220371107,0.35271345509227575,0.11064797240789996,0.9944912165527281
S2 reference period 1985-2024,1183,SPEI3,39.0,0.5159799752851283,39.0,0.48158783097526026,35.0,0.46263093023288926,34.0,0.43041928812741254,0.3954459774968336,0.372648120743046,0.17691527494495202,0.9923150524294957
S3 reference period 1995-2024,1183,SPEI3,40.0,0.5077119934338352,40.0,0.4787836534122749,34.0,0.461876496119523,33.0,0.4231239058366437,0.38927077567482743,0.3671415858793742,0.29883338141883087,0.9711964887898612
"S4 stations without T break (corlu, luleburgaz, tekirdag)",586,SPEI3,40.0,0.5112364249145923,40.0,0.4716285741503443,33.0,0.4169971643043693,32.0,0.40998607785145774,0.37878970438750215,0.33285301947010626,,
"S5 stations without P break (corlu, luleburgaz, uzunkopru)",590,SPEI3,40.0,0.5338340839964261,40.0,0.47692004213033423,32.0,0.47551017386499517,33.0,0.44545828183744285,0.42948619632777946,0.3933523447542967,,
"S6 stations with T break only (edirne, kirklareli, uzunkopru)",597,SPEI3,39.0,0.5301661569787594,39.0,0.49618541370800057,31.0,0.51204972423786,37.0,0.46524066887287907,0.4401877947399914,0.4101445681169828,,
