variable,series,station,test_type,n_years,SNHT_T0,SNHT_p,break_year_first_of_new_segment,mean_before,mean_after,shift,shift_pct,pettitt_year,pettitt_p
temperature,annual,corlu,absolute,60,36.77,0.0002,2007,12.74,14.36,1.62,12.7,1998,0.0
temperature,annual,corlu,relative,60,4.41,0.221,2010,-0.65,-0.47,0.18,27.4,1976,0.2936
temperature,annual,edirne,absolute,60,38.34,0.0002,2007,13.38,15.16,1.78,13.3,1999,0.0
temperature,annual,edirne,relative,60,24.98,0.0002,2015,0.1,0.66,0.55,526.5,2011,0.0006
temperature,annual,ipsala,absolute,60,15.17,0.0002,1999,13.51,14.82,1.32,9.8,1999,0.0
temperature,annual,ipsala,relative,60,3.18,0.4228,1979,0.01,0.5,0.49,3516.5,1998,0.0003
temperature,annual,kirklareli,absolute,60,33.68,0.0002,2007,13.12,14.48,1.36,10.4,1999,0.0
temperature,annual,kirklareli,relative,60,10.59,0.0076,1991,-0.12,-0.36,-0.24,-204.5,1991,0.0033
temperature,annual,luleburgaz,absolute,60,32.84,0.0002,1998,12.63,14.43,1.8,14.2,1998,0.0
temperature,annual,luleburgaz,relative,60,5.97,0.0986,1993,-0.64,-0.12,0.52,81.8,1991,0.2277
temperature,annual,tekirdag,absolute,60,38.47,0.0002,2007,13.79,15.3,1.51,11.0,1998,0.0
temperature,annual,tekirdag,relative,60,4.34,0.2418,1979,0.71,0.54,-0.17,-24.5,2017,0.5203
temperature,annual,uzunkopru,absolute,60,34.68,0.0002,2007,13.35,14.84,1.49,11.2,1999,0.0
temperature,annual,uzunkopru,relative,60,12.68,0.0006,1986,0.23,-0.03,-0.26,-113.5,1986,0.0006
temperature,Jun-Oct,corlu,absolute,60,32.11,0.0002,1998,19.37,20.92,1.55,8.0,1998,0.0
temperature,Jun-Oct,corlu,relative,60,4.43,0.2122,1986,-0.72,-0.95,-0.23,-31.2,1986,0.2458
temperature,Jun-Oct,edirne,absolute,60,33.4,0.0002,2007,20.72,22.72,2.0,9.7,1998,0.0
temperature,Jun-Oct,edirne,relative,60,19.41,0.0002,2011,0.45,1.03,0.58,127.9,2006,0.0003
temperature,Jun-Oct,ipsala,absolute,60,12.02,0.0004,1991,20.04,21.8,1.76,8.8,1991,0.0
temperature,Jun-Oct,ipsala,relative,60,3.73,0.3378,1979,-0.4,0.46,0.86,214.7,1997,0.0
temperature,Jun-Oct,kirklareli,absolute,60,30.44,0.0002,1998,20.08,21.48,1.4,7.0,1998,0.0
temperature,Jun-Oct,kirklareli,relative,60,13.59,0.0006,1990,0.09,-0.27,-0.36,-418.2,1990,0.0001
temperature,Jun-Oct,luleburgaz,absolute,60,31.45,0.0002,1998,19.43,21.65,2.22,11.4,1993,0.0
temperature,Jun-Oct,luleburgaz,relative,60,8.66,0.03,1991,-0.87,-0.12,0.75,86.0,1991,0.0035
temperature,Jun-Oct,tekirdag,absolute,60,37.53,0.0002,1998,20.33,21.94,1.61,7.9,1998,0.0
temperature,Jun-Oct,tekirdag,relative,60,4.23,0.2478,1977,0.5,0.23,-0.27,-54.2,2006,0.2689
temperature,Jun-Oct,uzunkopru,absolute,60,29.92,0.0002,1998,20.44,21.87,1.44,7.0,1998,0.0
temperature,Jun-Oct,uzunkopru,relative,60,15.96,0.0002,1986,0.58,0.17,-0.42,-71.6,1986,0.0003
precipitation,annual,corlu,absolute,60,2.76,0.5088,1982,617.96,558.29,-59.67,-9.7,1982,0.5016
precipitation,annual,corlu,relative,60,3.96,0.2928,1999,-0.05,0.01,0.06,6.2,1999,0.3828
precipitation,annual,edirne,absolute,60,2.6,0.5512,1995,565.26,621.31,56.05,9.9,1995,0.8415
precipitation,annual,edirne,relative,60,10.91,0.0086,2014,-0.01,0.12,0.13,13.9,2002,0.0108
precipitation,annual,ipsala,absolute,60,13.41,0.002,2015,619.85,428.85,-191.0,-30.8,2015,0.0557
precipitation,annual,ipsala,relative,60,15.14,0.001,2015,0.03,-0.21,-0.24,-21.3,2002,0.0615
precipitation,annual,kirklareli,absolute,60,4.54,0.2288,2009,553.5,645.8,92.3,16.7,2005,0.5077
precipitation,annual,kirklareli,relative,60,17.69,0.0002,2003,-0.1,0.1,0.2,22.1,2002,0.0003
precipitation,annual,luleburgaz,absolute,60,3.6,0.3642,2015,601.24,506.08,-95.16,-15.8,2015,0.7305
precipitation,annual,luleburgaz,relative,60,4.54,0.2222,2002,0.02,-0.06,-0.08,-7.7,2002,0.3479
precipitation,annual,tekirdag,absolute,60,7.53,0.051,2015,583.51,454.79,-128.72,-22.1,2005,0.2649
precipitation,annual,tekirdag,relative,60,9.85,0.014,2005,-0.01,-0.16,-0.15,-13.9,2005,0.0194
precipitation,annual,uzunkopru,absolute,60,4.91,0.1906,1982,732.4,626.84,-105.56,-14.4,1982,0.1376
precipitation,annual,uzunkopru,relative,60,4.68,0.207,1990,0.17,0.09,-0.08,-7.7,1990,0.2312
precipitation,Jun-Oct,corlu,absolute,60,6.55,0.0886,1997,152.73,206.56,53.83,35.2,1995,0.1219
precipitation,Jun-Oct,corlu,relative,60,9.45,0.0178,2012,-0.02,0.27,0.29,33.6,1999,0.0194
precipitation,Jun-Oct,edirne,absolute,60,2.22,0.6338,1997,173.36,207.08,33.72,19.5,1990,0.8497
precipitation,Jun-Oct,edirne,relative,60,1.02,0.9372,1992,0.06,0.14,0.08,8.3,2017,0.7614
precipitation,Jun-Oct,ipsala,absolute,60,5.2,0.1686,2015,164.0,105.05,-58.95,-35.9,2016,0.1885
precipitation,Jun-Oct,ipsala,relative,60,4.61,0.2306,2011,-0.11,-0.37,-0.26,-22.9,2008,0.3577
precipitation,Jun-Oct,kirklareli,absolute,60,5.83,0.1284,1997,160.73,212.01,51.28,31.9,2002,0.1575
precipitation,Jun-Oct,kirklareli,relative,60,10.16,0.009,2002,-0.04,0.26,0.31,36.3,2002,0.0189
precipitation,Jun-Oct,luleburgaz,absolute,60,2.9,0.4702,1990,154.98,192.33,37.35,24.1,1990,0.4311
precipitation,Jun-Oct,luleburgaz,relative,60,2.69,0.5254,2001,0.08,-0.15,-0.23,-20.5,2001,0.9591
precipitation,Jun-Oct,tekirdag,absolute,60,3.63,0.3486,2015,178.86,116.74,-62.12,-34.7,2019,0.5203
precipitation,Jun-Oct,tekirdag,relative,60,2.76,0.507,2005,-0.03,-0.19,-0.16,-14.8,2005,0.6133
precipitation,Jun-Oct,uzunkopru,absolute,60,2.54,0.5562,2015,197.63,140.49,-57.14,-28.9,1980,0.7851
precipitation,Jun-Oct,uzunkopru,relative,60,5.69,0.1294,1992,0.17,-0.06,-0.23,-20.5,1992,0.0639
