scenario,crop,index,n,beta,AIC,LOYO_RMSE
S0 baseline,sunflower,SPEI1,126,9.203101021469555,1328.315037075031,50.249443075618764
S0 baseline,sunflower,SPEI3,126,19.02656324954394,1298.1559408923963,43.957256705745365
S0 baseline,sunflower,SPEI6,126,18.808689065126725,1304.289363422922,45.089224928066386
S0 baseline,sunflower,SPEI9,126,21.98257307406925,1293.0715689016035,42.930548608660516
S0 baseline,sunflower,SPEI12,126,21.59697099954829,1298.581169876851,44.11826274767884
S0 baseline,wheat,SPEI1,126,-2.7275794755039584,1372.1501859539553,57.868036038678866
S0 baseline,wheat,SPEI3,126,10.778043806582467,1366.3510859969372,56.099254743434706
S0 baseline,wheat,SPEI6,126,5.344243877929912,1371.1718007219565,57.764212669860804
S0 baseline,wheat,SPEI9,126,1.4009059842286504,1372.5162764187467,57.14942450776827
S0 baseline,wheat,SPEI12,126,-4.615421067502389,1371.5442436657142,56.78448182240868
S1 step-adjusted T and P,sunflower,SPEI1,126,9.711364046216572,1327.9214058006098,50.19698144640152
S1 step-adjusted T and P,sunflower,SPEI3,126,19.311011199661113,1297.6647834247176,43.85599747303629
S1 step-adjusted T and P,sunflower,SPEI6,126,19.10388603521941,1304.3361569562835,45.07254399593417
S1 step-adjusted T and P,sunflower,SPEI9,126,21.981033450176373,1293.915137180591,43.06455719265931
S1 step-adjusted T and P,sunflower,SPEI12,126,21.37725298232899,1300.1587322047783,44.412634940342066
S1 step-adjusted T and P,wheat,SPEI1,126,-3.1019709583522754,1372.0192256357113,57.83494898121332
S1 step-adjusted T and P,wheat,SPEI3,126,10.814060279567371,1366.4410562321934,56.03690913621685
S1 step-adjusted T and P,wheat,SPEI6,126,5.081169633701748,1371.3169241107382,57.84133783446512
S1 step-adjusted T and P,wheat,SPEI9,126,1.4749094460132426,1372.5071444222544,57.11863611002133
S1 step-adjusted T and P,wheat,SPEI12,126,-4.3390705060342825,1371.685553531666,56.77728962171963
