index,lag,r,best_lag,r_max,r0_over_rmax
SPI1,-3,0.017870605148031037,,,
SPI1,-2,0.11200269811144024,,,
SPI1,-1,0.0011089320849556718,,,
SPI1,0,0.32444359438665316,,,
SPI1,1,0.39463274822977645,,,
SPI1,2,0.10488449093968065,,,
SPI1,3,0.007117054724586839,,,
SPI1,summary,0.32444359438665316,1.0,0.39463274822977645,0.8221405746026547
SPI3,-3,0.059152852958134224,,,
SPI3,-2,0.2314015188124168,,,
SPI3,-1,0.40193366931955543,,,
SPI3,0,0.4780317274682533,,,
SPI3,1,0.31934259831215184,,,
SPI3,2,0.1223907688543535,,,
SPI3,3,0.08622269848504119,,,
SPI3,summary,0.4780317274682533,0.0,0.4780317274682533,1.0
SPI6,-3,0.31592614183522555,,,
SPI6,-2,0.3502961799379198,,,
SPI6,-1,0.364256515133531,,,
SPI6,0,0.40619624221163203,,,
SPI6,1,0.34630360146532857,,,
SPI6,2,0.2501092640460704,,,
SPI6,3,0.23618001235159686,,,
SPI6,summary,0.40619624221163203,0.0,0.40619624221163203,1.0
SPI9,-3,0.3022895314307703,,,
SPI9,-2,0.3664353949605901,,,
SPI9,-1,0.3962346570292533,,,
SPI9,0,0.4327431805327842,,,
SPI9,1,0.3290274929884049,,,
SPI9,2,0.2297754598405388,,,
SPI9,3,0.18432928937266546,,,
SPI9,summary,0.4327431805327842,0.0,0.4327431805327842,1.0
SPI12,-3,0.36016846370119887,,,
SPI12,-2,0.36262742144210125,,,
SPI12,-1,0.35054113550369476,,,
SPI12,0,0.3437491419097256,,,
SPI12,1,0.2816779491556995,,,
SPI12,2,0.19775634386223062,,,
SPI12,3,0.18123078994345673,,,
SPI12,summary,0.3437491419097256,-2.0,0.36262742144210125,0.9479402868726797
SPEI1,-3,0.01356345436270888,,,
SPEI1,-2,0.12356763361960389,,,
SPEI1,-1,0.06313554993627807,,,
SPEI1,0,0.41628268621660164,,,
SPEI1,1,0.42540429770296323,,,
SPEI1,2,0.12803685249840177,,,
SPEI1,3,0.02500754739256909,,,
SPEI1,summary,0.41628268621660164,1.0,0.42540429770296323,0.9785577824774805
SPEI3,-3,0.08448305492740829,,,
SPEI3,-2,0.28424956190312334,,,
SPEI3,-1,0.4541873390330463,,,
SPEI3,0,0.5208767187316244,,,
SPEI3,1,0.32595578566364286,,,
SPEI3,2,0.1105627182077324,,,
SPEI3,3,0.08085104048615445,,,
SPEI3,summary,0.5208767187316244,0.0,0.5208767187316244,1.0
SPEI6,-3,0.3753823900002036,,,
SPEI6,-2,0.40433908011302344,,,
SPEI6,-1,0.4113881097231379,,,
SPEI6,0,0.44700679407462895,,,
SPEI6,1,0.3658603381327048,,,
SPEI6,2,0.2566862531878304,,,
SPEI6,3,0.23478813470613674,,,
SPEI6,summary,0.44700679407462895,0.0,0.44700679407462895,1.0
SPEI9,-3,0.35115977395136366,,,
SPEI9,-2,0.41256340414969805,,,
SPEI9,-1,0.44505862686857445,,,
SPEI9,0,0.47402035632496947,,,
SPEI9,1,0.354516896808366,,,
SPEI9,2,0.24119679984488743,,,
SPEI9,3,0.19667044382531654,,,
SPEI9,summary,0.47402035632496947,0.0,0.47402035632496947,1.0
SPEI12,-3,0.4003542365071898,,,
SPEI12,-2,0.40271098285398954,,,
SPEI12,-1,0.3923391212562553,,,
SPEI12,0,0.3841528753999216,,,
SPEI12,1,0.3080483560647367,,,
SPEI12,2,0.21947897503322925,,,
SPEI12,3,0.19771284970257286,,,
SPEI12,summary,0.3841528753999216,-2.0,0.40271098285398954,0.9539170565387919
