index,n,pearson,spearman,MI,tercile_delta,pearson_score,pearson_rank,spearman_score,spearman_rank,MI_score,MI_rank,tercile_delta_score,tercile_delta_rank,composite,overall_rank
SPEI3,1382,0.5111776680639205,0.4930657842946946,0.14523611935566905,21.411979789613753,10.0,1.0,10.0,1.0,10.0,1.0,10.0,1.0,40.0,1.0
SPI3,1382,0.462634694812711,0.4536689517195266,0.12113218855394337,19.49263311234509,9.0,2.0,9.0,2.0,8.0,3.0,8.0,3.0,34.0,2.0
SPEI9,1382,0.45242905012803086,0.4490795888791141,0.12589939607920364,19.65997746424855,8.0,3.0,8.0,3.0,9.0,2.0,9.0,2.0,34.0,2.0
SPEI1,1382,0.420229607416976,0.40059729459766286,0.10592203303448766,17.20891232641206,6.0,5.0,6.0,5.0,6.0,5.0,6.0,5.0,24.0,4.0
SPI9,1382,0.41177771203612196,0.39982676580788856,0.11863304249266182,17.535546546057205,5.0,6.0,5.0,6.0,7.0,4.0,7.0,4.0,24.0,4.0
SPEI6,1382,0.4367730735101563,0.4103218886378927,0.09049325796192598,17.092185669869878,7.0,4.0,7.0,4.0,3.0,8.0,5.0,6.0,22.0,6.0
SPI6,1382,0.3960210890397992,0.36674913511961715,0.09816299273595064,14.963338044869083,4.0,7.0,3.0,8.0,5.0,6.0,3.0,8.0,15.0,7.0
SPEI12,1382,0.3737981892516547,0.37374177371014894,0.09391427553492537,15.682126349499327,3.0,8.0,4.0,7.0,4.0,7.0,4.0,7.0,15.0,7.0
SPI12,1382,0.3341527835822131,0.32688805788324704,0.07202747064398807,14.261327753490093,2.0,9.0,2.0,9.0,2.0,9.0,1.0,10.0,7.0,9.0
SPI1,1382,0.33079600632256434,0.3242472992870173,0.06828301494200861,14.635740174158293,1.0,10.0,1.0,10.0,1.0,10.0,2.0,9.0,5.0,10.0
