window,index,pct
Apr-Jun,SPEI1,91.5
Apr-Jun,SPEI3,6.4
Apr-Jun,SPI1,1.6
Apr-Jun,SPI3,0.5
Jun-Oct,SPEI3,64.3
Jun-Oct,SPEI9,22.5
Jun-Oct,SPI3,9.4
Jun-Oct,SPEI6,2.6
Jun-Oct,SPI9,0.8
Jun-Oct,SPEI1,0.4
Jul-Sep,SPEI9,77.7
Jul-Sep,SPEI3,9.9
Jul-Sep,SPEI6,9.4
Jul-Sep,SPI9,1.4000000000000001
Jul-Sep,SPI3,0.8
Jul-Sep,SPEI12,0.4
Jul-Sep,SPI6,0.2
Jul-Sep,SPEI1,0.1
Jul-Sep,SPI12,0.1
Aug-Sep,SPEI9,69.69999999999999
Aug-Sep,SPEI3,11.200000000000001
Aug-Sep,SPI9,6.7
Aug-Sep,SPI3,6.7
Aug-Sep,SPEI12,2.4
Aug-Sep,SPI6,1.7999999999999998
Aug-Sep,SPEI6,1.0999999999999999
Aug-Sep,SPI12,0.4
