period,normalisation,district,r,n
1985-2024,full-period extrema (paper),corlu,0.557211843810758,198
1985-2024,full-period extrema (paper),edirne,0.5403390171192679,199
1985-2024,full-period extrema (paper),ipsala,0.21651858553002534,199
1985-2024,full-period extrema (paper),kirklareli,0.49370153546941825,199
1985-2024,full-period extrema (paper),luleburgaz,0.4860221428830861,193
1985-2024,full-period extrema (paper),tekirdag,0.48947314195926805,195
1985-2024,full-period extrema (paper),uzunkopru,0.5567142648097699,199
1985-2012,full-period extrema (paper),corlu,0.4688586890341584,138
1985-2012,full-period extrema (paper),edirne,0.6019603010072999,139
1985-2012,full-period extrema (paper),ipsala,0.20622048562076964,139
1985-2012,full-period extrema (paper),kirklareli,0.5194566201330872,139
1985-2012,full-period extrema (paper),luleburgaz,0.45290478580832927,133
1985-2012,full-period extrema (paper),tekirdag,0.49515250093090707,135
1985-2012,full-period extrema (paper),uzunkopru,0.5724354666975086,139
2013-2024,full-period extrema (paper),corlu,0.7502900593059636,60
2013-2024,full-period extrema (paper),edirne,0.5809901157953823,60
2013-2024,full-period extrema (paper),ipsala,0.28713527246219417,60
2013-2024,full-period extrema (paper),kirklareli,0.5349878254749967,60
2013-2024,full-period extrema (paper),luleburgaz,0.6260337621669952,60
2013-2024,full-period extrema (paper),tekirdag,0.5140062139525962,60
2013-2024,full-period extrema (paper),uzunkopru,0.5938335842377716,60
2013-2024,within-window extrema,corlu,0.562596592342382,60
2013-2024,within-window extrema,edirne,0.5533031945300282,60
2013-2024,within-window extrema,ipsala,0.2521497605238003,60
2013-2024,within-window extrema,kirklareli,0.46718261550526374,60
2013-2024,within-window extrema,luleburgaz,0.5765484973065326,60
2013-2024,within-window extrema,tekirdag,0.4848322736192596,60
2013-2024,within-window extrema,uzunkopru,0.5238836312709174,60
