name,year,a211,observed,wheat,sun
Edirne,1985.0,122325285.3368566,121372192.55853628,42281986.55006319,21658003.49096584
Uzunkopru,1985.0,654664316.7661747,654227846.8931278,202244892.9468845,175325609.73474455
Ipsala,1985.0,126039787.75102828,126039787.75102828,34952459.93106618,36544942.51122856
Luleburgaz,1985.0,724272125.2167834,529807242.8359452,144735667.9706457,105159993.1294041
Kirklareli,1985.0,555938540.0392292,522364273.3976543,97462300.70370902,86036070.29662798
Tekirdag,1985.0,706369530.291075,561825074.5142425,108721729.01900658,212233401.96838045
Corlu,1985.0,733254726.148811,491164224.55927736,250316804.8440928,65373724.41145641
Edirne,1986.0,122325285.3368566,122325285.3368566,76618779.15344861,9951661.262925092
Uzunkopru,1986.0,654664316.7661746,654664316.7661746,285257728.324774,175819557.721651
Ipsala,1986.0,126039787.75102828,126039787.75102828,45664028.22762714,34166939.72707759
Luleburgaz,1986.0,724272125.2167835,724201550.4927734,451445075.6680991,81836466.09613779
Kirklareli,1986.0,555938540.039229,555931072.2462603,310166890.3619045,43441912.41445696
Tekirdag,1986.0,706369530.2910751,705969339.4985946,330388823.16867346,206040077.0610888
Corlu,1986.0,733254726.148811,733254726.148811,458951232.0914522,104654654.20545536
Edirne,1987.0,122325285.3368566,122232853.00139973,78373328.6121917,15873203.068213848
Uzunkopru,1987.0,654664316.7661746,654664316.7661746,319937547.0201536,150180289.5844593
Ipsala,1987.0,126039787.75102828,126039787.75102828,61919126.381975725,26905244.6505936
Luleburgaz,1987.0,724272125.2167835,724227120.4828968,413974230.9312098,153561217.24396828
Kirklareli,1987.0,555938540.039229,555923604.5558306,237874356.17975256,82375108.48048024
Tekirdag,1987.0,706369530.2910751,706369530.2910751,259265133.8920784,280809409.22925097
Corlu,1987.0,733254726.148811,733224673.6351391,429620926.6396313,147478377.72712353
Edirne,1988.0,122325285.3368566,122325285.3368566,86379284.41692708,7520247.708532475
Uzunkopru,1988.0,654664316.7661746,654664316.7661746,342682671.15586704,85513784.88660768
Ipsala,1988.0,126039787.75102828,126039787.75102828,45206563.58976716,22609962.32303539
Luleburgaz,1988.0,724272125.2167835,724122012.8847523,396771656.0240522,132236948.71873084
Kirklareli,1988.0,555938540.0392292,554463986.1984088,310387199.4673637,24981233.019154027
Tekirdag,1988.0,706369530.2910751,706045689.0103134,287161204.1342946,275072662.2112553
Corlu,1988.0,733254726.148811,732826013.6864086,394623292.8040595,135518086.85387945
Edirne,1989.0,122325285.3368566,121882990.2131491,61113121.350369565,20865842.17977367
Uzunkopru,1989.0,654664316.7661746,636795579.6373028,199338047.42185584,219765561.338444
Ipsala,1989.0,126039787.75102824,126039787.75102824,63866343.18829657,26635956.53606579
Luleburgaz,1989.0,724272125.2167835,577203340.4780256,289878061.822729,94098204.64077245
Kirklareli,1989.0,555938540.039229,547935008.2183173,163679723.63585708,102985611.42378026
Tekirdag,1989.0,706369530.2910751,295855236.1626168,127074807.01001452,85816049.05702934
Corlu,1989.0,733254726.1488109,713874659.1499541,400429809.0970397,96502434.10110678
Edirne,1990.0,122325285.3368566,122325285.3368566,90965152.49360064,3131317.6969458484
Uzunkopru,1990.0,654664316.7661746,639386918.7451516,407275105.5803941,34324819.90906671
Ipsala,1990.0,126039787.75102828,126039787.75102828,66185190.24758349,7610888.133160998
Luleburgaz,1990.0,724272125.2167833,243703719.2931928,164764533.20879674,11166017.53238358
Kirklareli,1990.0,555938540.039229,487005954.6391754,339351021.5712967,4991533.566433057
Tekirdag,1990.0,706369530.2910751,530631034.5170152,262043721.7902823,86785580.86442822
Corlu,1990.0,733254726.148811,573966808.2205021,367191417.0326116,44497244.56546032
Edirne,1991.0,122325285.3368566,122325285.3368566,101120501.89507698,5698751.81752451
Uzunkopru,1991.0,654664316.7661746,654664316.7661746,471966996.8258655,62768056.74521868
Ipsala,1991.0,126039787.75102828,126039787.75102828,97096719.94962852,5207018.814353554
Luleburgaz,1991.0,724272125.2167836,723253233.3689817,576238895.5852807,35403492.46625881
Kirklareli,1991.0,555938540.039229,511445944.111376,417987011.9744715,12049640.926514631
Tekirdag,1991.0,706369530.2910752,706369530.2910752,377428935.2727884,162457503.78082493
Corlu,1991.0,733254726.1488107,733179582.152717,558489350.8958716,52600003.22950176
Edirne,1992.0,122325285.3368566,122325285.3368566,79301921.71337125,11031039.378638174
Uzunkopru,1992.0,654664316.7661747,654664316.7661747,239430777.22312728,192585655.59022677
Ipsala,1992.0,126039787.75102828,126039787.75102828,43544120.34162645,42958044.32942517
Luleburgaz,1992.0,724272125.2167835,724189169.7972045,365056169.8381012,178695015.38386184
Kirklareli,1992.0,555938540.039229,555931072.2462603,312271980.53878105,59540338.70123507
Tekirdag,1992.0,706369530.2910751,706369530.2910751,304624953.2991479,246207079.392626
Corlu,1992.0,733254726.148811,733202169.3480297,446931826.9532744,129250077.84092754
Edirne,1993.0,122325285.3368566,122325285.3368566,97574151.5337297,2522839.5776960785
Uzunkopru,1993.0,654664316.7661747,654664316.7661747,414698811.18140703,73777207.22756204
Ipsala,1993.0,126039787.75102828,126039787.75102828,86316858.73625728,12811868.741948148
Luleburgaz,1993.0,724272125.2167835,717682161.6205021,577960363.2085669,2064900.2330097277
Kirklareli,1993.0,555938540.0392289,554789808.0851274,440404253.3798904,3623687.442459405
Tekirdag,1993.0,706369530.2910751,700651735.5651675,442238670.6021101,43861035.78756127
Corlu,1993.0,733254726.148811,705414066.2006761,570566734.1238339,5214397.651738664
Edirne,1994.0,122325285.3368566,122325285.3368566,96745838.9403052,2100959.3941004137
Uzunkopru,1994.0,654664316.7661747,654664316.7661747,387186004.9513386,75294766.48346162
Ipsala,1994.0,126039787.75102828,126039787.75102828,50270103.58006663,38421842.13216912
Luleburgaz,1994.0,724272125.2167835,724249217.726892,586364254.8206074,7725636.380311734
Kirklareli,1994.0,555938540.039229,555543876.5665728,435821359.769692,4455235.863560814
Tekirdag,1994.0,706369530.2910751,706369530.2910751,369236716.44949067,160023984.18203124
Corlu,1994.0,733254726.1488109,732961793.3949046,563292412.9515165,23471841.608877145
Edirne,1995.0,122325285.3368566,122325285.3368566,80326603.8202742,9713658.835251994
Uzunkopru,1995.0,654664316.7661748,654664316.7661748,304437982.2973479,134527355.71606922
Ipsala,1995.0,126039787.75102828,126039787.75102828,82590196.03689301,13822881.444146369
Luleburgaz,1995.0,724272125.2167835,724174167.6751342,463562277.7937826,89481101.82292241
Kirklareli,1995.0,555938540.039229,555931072.2462603,413104058.8200597,23794654.909721583
Tekirdag,1995.0,706369530.291075,706369530.291075,329610201.7720282,207809105.5578164
Corlu,1995.0,733254726.148811,732901627.4478574,464921864.1745233,112152361.09312002
Edirne,1996.0,122325285.3368566,122325285.3368566,77991176.12084481,5374169.068051087
Uzunkopru,1996.0,654664316.7661748,654664316.7661748,355336969.62117803,87274096.19268152
Ipsala,1996.0,126039787.75102828,126039787.75102828,46698485.63661725,31860149.64174901
Luleburgaz,1996.0,724272125.2167835,724189631.8041859,477873796.7080711,79670794.71911766
Kirklareli,1996.0,555938540.039229,555819106.1227251,401247922.4943628,10360297.559570312
Tekirdag,1996.0,706369530.2910752,706369530.2910752,347508145.64214927,188614550.0979358
Corlu,1996.0,733254726.1488109,732909118.2173885,509333946.628845,56676366.38418735
Edirne,1997.0,122325285.33685662,110229122.96258232,76051655.92588846,9929893.08684896
Uzunkopru,1997.0,654664316.7661747,654649296.2046512,352048753.1450559,138693973.37834138
Ipsala,1997.0,126039787.75102828,126039787.75102828,85800569.64713351,19298720.82326133
Luleburgaz,1997.0,724272125.2167835,723921007.7050916,461591587.8686466,124415050.6744313
Kirklareli,1997.0,555938540.0392292,555931072.2462604,314147338.01248085,60730830.10443283
Tekirdag,1997.0,706369530.291075,706369530.291075,367829485.5899586,213500024.82367116
Corlu,1997.0,733254726.1488109,732180191.5586971,474109059.32889295,124473919.89270066
Edirne,1998.0,122325285.33685662,122325285.33685662,81475802.74823262,10147434.971654795
Uzunkopru,1998.0,654664316.7661746,619595862.3337603,256517475.1693053,157537909.35200098
Ipsala,1998.0,126039787.75102828,126039787.75102828,36643614.270664826,56260374.60917969
Luleburgaz,1998.0,724272125.2167835,670742531.729163,357423429.72742987,151594547.8793026
Kirklareli,1998.0,555938540.0392289,526798916.9211224,369059365.6169061,32487609.02478554
Tekirdag,1998.0,706369530.2910751,685240438.9071711,304581258.78050894,212161092.56070963
Corlu,1998.0,733254726.148811,683204965.4733553,389234467.9080576,120868045.17122014
Edirne,1999.0,122325285.33685662,122317840.1444738,43950496.90634574,26552467.20535577
Uzunkopru,1999.0,654664316.7661747,654664316.7661747,287882885.88429457,77327787.79179494
Ipsala,1999.0,126039787.75102828,126039787.75102828,89208708.88245633,4062039.3504346665
Luleburgaz,1999.0,724272125.2167835,723919758.7275257,274460958.694357,153155302.57584444
Kirklareli,1999.0,555938540.039229,555736949.9459673,279417870.3866652,47107629.54886069
Tekirdag,1999.0,706369530.2910751,706369530.2910751,339933695.1442096,168109285.3861615
Corlu,1999.0,733254726.148811,732647935.5182523,413961418.3111348,103255747.94117454
Edirne,2000.0,122325285.3368566,121588465.40429305,90656678.12687652,2361104.22751034
Uzunkopru,2000.0,654664316.7661747,654664316.7661747,381534256.34155554,44806199.48753638
Ipsala,2000.0,126039787.75102828,126039787.75102828,47515471.35003063,34055149.79109222
Luleburgaz,2000.0,724272125.2167835,723957300.8710804,488162944.9990446,46559090.05431603
Kirklareli,2000.0,555938540.039229,555841504.3722368,391181107.2165805,21389567.717984065
Tekirdag,2000.0,706369530.2910751,706369530.2910751,374018233.1727789,137021609.91423485
Corlu,2000.0,733254726.1488109,732653840.414166,473833336.2889323,48371389.92145183
Edirne,2001.0,122325285.3368566,122325285.3368566,110199883.3864162,1099512.9447935815
Uzunkopru,2001.0,654664316.7661747,654664316.7661747,433270702.2935912,63565879.01444355
Ipsala,2001.0,126039787.75102828,126039787.75102828,95048703.7704791,11532526.969743796
Luleburgaz,2001.0,724272125.2167836,723831553.8452972,480661260.1521637,64213538.55169462
Kirklareli,2001.0,555938540.039229,555781794.1310259,432414798.7052007,13400649.278462011
Tekirdag,2001.0,706369530.2910751,706369530.2910751,401153727.8323567,120498344.78857996
Corlu,2001.0,733254726.148811,732708207.826846,518941278.8498181,67034132.21352827
Edirne,2002.0,122325285.33685662,122325285.33685662,72619474.00412263,12446989.407205498
Uzunkopru,2002.0,654664316.7661747,654664316.7661747,269370748.1538029,179499339.5594382
Ipsala,2002.0,126039787.75102828,126039787.75102828,39115203.44486826,45737452.89865963
Luleburgaz,2002.0,724272125.2167835,724054743.8642445,380213243.7623737,151073115.45314607
Kirklareli,2002.0,555938540.039229,555908675.9449908,289828805.3593654,58833209.23746745
Tekirdag,2002.0,706369530.2910751,706369530.2910751,347941909.14572424,212124023.75381047
Corlu,2002.0,733254726.1488109,732884074.3640012,410473345.7508444,131436132.03573832
Edirne,2003.0,122325285.3368566,122325285.3368566,74342000.5355354,6350615.500333181
Uzunkopru,2003.0,654664316.7661746,654664316.7661746,375136326.26241,76347653.79727711
Ipsala,2003.0,126039787.75102824,126039787.75102824,96669060.67165864,10546461.303730087
Luleburgaz,2003.0,724272125.2167835,724018456.9980603,472854104.92263913,52046225.53448415
Kirklareli,2003.0,555938540.039229,555714771.440108,348319348.0110983,41534440.54244791
Tekirdag,2003.0,706369530.2910751,706369530.2910751,383533191.31564224,141598356.47148246
Corlu,2003.0,733254726.148811,732612587.7283854,470809175.7225663,72024058.66509268
Edirne,2004.0,122325285.3368566,122325285.3368566,73980127.10174249,16882379.477759268
Uzunkopru,2004.0,654664316.7661748,654664316.7661748,301799650.03312075,179790792.82983112
Ipsala,2004.0,126039787.75102828,126039787.75102828,40366209.90084444,60422896.72611253
Luleburgaz,2004.0,724272125.2167834,723935071.252497,408561864.8482461,158592054.98848805
Kirklareli,2004.0,555938540.039229,555878794.0060259,225020849.5721909,110963031.91978592
Tekirdag,2004.0,706369530.291075,706369530.291075,347542469.5501033,242455930.2737056
Corlu,2004.0,733254726.1488109,732287539.41376,424749634.0142808,149249101.5251551
Edirne,2005.0,122325285.3368566,121620287.0690085,41655080.2065085,31578438.309945617
Uzunkopru,2005.0,654664316.7661746,654649253.961487,248652623.0233092,204930043.57331303
Ipsala,2005.0,126039787.75102828,126039787.75102828,58064337.65142464,24889826.550049786
Luleburgaz,2005.0,724272125.2167835,724034478.8035195,353265155.6771676,180743008.5198836
Kirklareli,2005.0,555938540.039229,555878803.6437212,127196903.67805608,142811505.50416094
Tekirdag,2005.0,706369530.2910752,705834636.143126,341427339.47507465,200914886.9225624
Corlu,2005.0,733254726.148811,732753807.6774759,385468147.9449621,153382521.8563668
Edirne,2006.0,122325285.3368566,122198709.04095817,45269522.89689414,25097938.12208946
Uzunkopru,2006.0,654664316.7661747,654664316.7661747,218967698.16430372,232465395.63513136
Ipsala,2006.0,126039787.75102828,126039787.75102828,20348110.942055374,78887758.34619333
Luleburgaz,2006.0,724272125.2167834,724047127.6528186,326886518.5015664,153413795.37294155
Kirklareli,2006.0,555938540.039229,555841457.8107134,108725489.54829772,163069522.45097655
Tekirdag,2006.0,706369530.2910751,706369530.2910751,338892535.50477755,213685117.52775925
Corlu,2006.0,733254726.148811,733111971.9224666,388586042.2433384,155350550.98671684
Edirne,2007.0,122325285.33685662,122325285.33685662,74352681.6331093,8219158.474350872
Uzunkopru,2007.0,654664316.7661744,654664316.7661744,396729685.677317,73512948.51374847
Ipsala,2007.0,126039787.75102828,126039787.75102828,93846456.94289216,8468404.59267961
Luleburgaz,2007.0,724272125.2167834,724144715.2245959,483128656.5454715,51708903.3094401
Kirklareli,2007.0,555938540.0392292,555931071.8361042,313733765.5127662,69950016.21256128
Tekirdag,2007.0,706369530.2910751,706369530.2910751,416126361.297032,108479799.0243796
Corlu,2007.0,733254726.148811,733014015.6264266,527021391.5575655,11162976.505338542
Edirne,2008.0,122325285.3368566,122219924.95276882,74515952.45830843,7058852.984281173
Uzunkopru,2008.0,654664316.7661747,654521644.8516239,386309171.8322266,81805149.53006281
Ipsala,2008.0,126039787.75102828,126039787.75102828,44323878.429350495,44881386.15611979
Luleburgaz,2008.0,724272125.2167834,724007227.9986693,476673451.1122032,67518946.1006606
Kirklareli,2008.0,555938540.0392289,549787387.0400064,274385546.74403334,72655768.0476984
Tekirdag,2008.0,706369530.2910751,706248960.2290634,385277817.3832912,160547025.31721812
Corlu,2008.0,733254726.148811,733142069.8079907,529793045.13532287,52246824.105290666
Edirne,2009.0,122325285.33685662,122325285.33685662,71520780.87089461,10924467.621796492
Uzunkopru,2009.0,654664316.7661747,654664316.7661747,380420191.667404,110888063.84182368
Ipsala,2009.0,126039787.75102824,126039787.75102824,87657397.8436447,18675866.128873702
Luleburgaz,2009.0,724272125.2167835,724189643.8779163,471161486.2561965,83593788.66393803
Kirklareli,2009.0,555938540.0392292,555886250.4332721,276844832.7150123,92606840.00934628
Tekirdag,2009.0,706369530.2910752,706248777.9810166,418593158.8662415,154400574.95880055
Corlu,2009.0,733254726.1488109,733187086.1211971,536686774.9756971,58230436.40982308
Edirne,2010.0,122325285.3368566,122325285.3368566,51351672.2392942,27924968.80652956
Uzunkopru,2010.0,654664316.7661746,654664316.7661746,305877644.0140855,153365753.8306966
Ipsala,2010.0,126039787.75102828,126039787.75102828,38549165.11073645,54887470.07280752
Luleburgaz,2010.0,724272125.2167835,724234629.9438343,349913064.0868374,197246398.7457491
Kirklareli,2010.0,555938540.039229,555834202.7794634,157377595.82067823,179649214.89377683
Tekirdag,2010.0,706369530.2910751,706354436.1133407,348458940.7977406,226997240.5133253
Corlu,2010.0,733254726.1488109,733224691.1322093,378688562.1832931,165285595.5173905
Edirne,2011.0,122325285.3368566,120984148.04344551,70803121.15140165,16333785.245101867
Uzunkopru,2011.0,654664316.7661746,640082857.0458354,345651885.1858858,116057397.72606082
Ipsala,2011.0,126039787.75102828,124859782.93644875,86924955.44113052,12606502.608988203
Luleburgaz,2011.0,724272125.2167836,505814467.6429132,274231256.97054803,111348261.2270163
Kirklareli,2011.0,555938540.039229,530920418.34399307,260806543.7140568,102785484.78473692
Tekirdag,2011.0,706369530.2910752,323339054.33105284,168413587.50987092,89494798.80914715
Corlu,2011.0,733254726.1488109,646335284.6247549,415576226.88463545,76193737.16550821
Edirne,2012.0,122325285.3368566,122325285.3368566,80265660.2506721,5025293.793104703
Uzunkopru,2012.0,654664316.7661747,651228807.6779509,319427303.18368566,93402675.5554094
Ipsala,2012.0,126039787.75102828,124472693.48556603,47958454.95034659,20091031.66117877
Luleburgaz,2012.0,724272125.2167836,721617202.8349477,497130349.2094975,55745578.02781288
Kirklareli,2012.0,555938540.039229,552448077.8050972,254313323.01851252,92615931.97089843
Tekirdag,2012.0,706369530.2910751,674317874.9245596,385650993.567963,149926657.24951744
Corlu,2012.0,733254726.1488109,710023455.0165901,498723115.8186658,43249378.54593099
Edirne,2013.0,122325285.3368566,122325285.3368566,71271380.00220205,17930018.385931753
Uzunkopru,2013.0,654664316.7661746,654664316.7661746,325484003.369692,163434923.8939951
Ipsala,2013.0,126039787.75102824,126039787.75102824,79135403.0803309,24485010.13390012
Luleburgaz,2013.0,724272125.2167835,724227114.3427601,418341343.87926817,131258692.76651151
Kirklareli,2013.0,555938540.039229,555931071.7340533,256457398.16902,137329286.60357308
Tekirdag,2013.0,706369530.2910751,706369530.2910751,415075580.9408031,169320234.27525276
Corlu,2013.0,733254726.148811,733217154.0999829,465108238.0016008,98168943.1540269
Edirne,2014.0,122325285.3368566,122243384.311466,49001731.42754289,28746065.3874866
Uzunkopru,2014.0,654664316.7661746,654648130.3251512,214962430.8632679,188196439.31769875
Ipsala,2014.0,126039787.75102828,126039787.75102828,36601129.97606273,52927796.71317594
Luleburgaz,2014.0,724272125.2167835,723169939.6664906,390130753.4090285,162574863.64740157
Kirklareli,2014.0,555938540.0392289,555222223.2877641,221543985.3040958,134508898.56914446
Tekirdag,2014.0,706369530.2910751,706316776.445372,392009174.7493452,193537798.3623296
Corlu,2014.0,733254726.1488109,733254726.1488109,447232752.7574027,108452760.99166285
Edirne,2015.0,122325285.3368566,122325285.3368566,50224106.25151272,26720254.14826133
Uzunkopru,2015.0,654664316.7661747,654664316.7661747,249026519.34047183,185023737.2752661
Ipsala,2015.0,126039787.75102828,126039787.75102828,68030883.76034583,30469861.7613377
Luleburgaz,2015.0,724272125.2167834,724249648.3886584,310975466.9992072,232111806.49154216
Kirklareli,2015.0,555938540.039229,555916136.96794,156933529.1582644,210879485.24991572
Tekirdag,2015.0,706369530.2910751,706369530.2910751,363996355.2931449,210974134.22526044
Corlu,2015.0,733254726.148811,733104558.1908032,425425689.9286077,137583836.59344554
Edirne,2016.0,122325285.33685662,122302885.34173945,77146102.62698376,14115801.39377872
Uzunkopru,2016.0,654664316.7661747,654664316.7661747,372429865.01210165,138957723.05766317
Ipsala,2016.0,126039787.75102824,126039787.75102824,51261031.0276214,43269898.89339384
Luleburgaz,2016.0,724272125.2167834,713016517.7214003,444419749.76923454,100438229.11906976
Kirklareli,2016.0,555938540.039229,543846631.8770698,292813716.6567,114475108.38358416
Tekirdag,2016.0,706369530.2910751,692336115.2264572,418255137.6442709,154950064.13744256
Corlu,2016.0,733254726.148811,706442064.3474035,445051294.6381205,110944607.8590265
Edirne,2017.0,122325285.33685662,122325285.33685662,70940829.51461205,7584289.365692019
Uzunkopru,2017.0,654664316.7661746,654664316.7661746,306873814.97261417,171310373.2762025
Ipsala,2017.0,126039787.75102828,126039787.75102828,80300768.5045305,26072347.972395837
Luleburgaz,2017.0,724272125.2167834,724272125.2167834,434780726.9894532,66948905.77141544
Kirklareli,2017.0,555938540.039229,555923612.6627642,254053166.6808939,122880671.4219152
Tekirdag,2017.0,706369530.2910751,706369530.2910751,379666706.6660444,167964472.0960248
Corlu,2017.0,733254726.1488109,733254726.1488109,417862812.93163306,120495492.2068666
Edirne,2018.0,122325285.3368566,122325285.3368566,23519691.742170263,33967132.901817165
Uzunkopru,2018.0,654664316.7661747,654664316.7661747,209259384.18945503,184277352.29947728
Ipsala,2018.0,126039787.75102824,126039787.75102824,45509530.01980125,49815612.719144456
Luleburgaz,2018.0,724272125.2167835,724272125.2167835,285062793.81452787,221368596.28428692
Kirklareli,2018.0,555938540.039229,555931071.836104,110288899.3312864,181317542.36154068
Tekirdag,2018.0,706369530.2910751,706369530.2910751,359081620.10218483,215590615.5497779
Corlu,2018.0,733254726.1488109,733239709.760139,324881895.7318015,167915681.46230084
Edirne,2019.0,122325285.3368566,122325285.3368566,64642124.51166705,13355998.635244332
Uzunkopru,2019.0,654664316.7661747,654664316.7661747,323089157.331208,165164252.79292667
Ipsala,2019.0,126039787.75102828,126039787.75102828,79033990.24763328,28471471.359298408
Luleburgaz,2019.0,724272125.2167835,724227155.2328968,452330427.302495,88574444.53488052
Kirklareli,2019.0,555938540.0392292,555923603.5309284,214038598.4808996,143104970.23728555
Tekirdag,2019.0,706369530.2910751,706369530.2910751,402997456.2995002,195769595.31945848
Corlu,2019.0,733254726.148811,733254726.148811,484630589.5988587,106248943.64165902
Edirne,2020.0,122325285.3368566,122325285.3368566,82418393.58025429,8081888.404607078
Uzunkopru,2020.0,654664316.7661747,654664316.7661747,386833588.8898131,131153283.419694
Ipsala,2020.0,126039787.75102828,126039787.75102828,54959002.17378792,43490818.087551706
Luleburgaz,2020.0,724272125.2167835,724264623.693346,419207057.9192632,147770957.09207833
Kirklareli,2020.0,555938540.0392289,555938540.0392289,264596475.1464097,114983130.81029987
Tekirdag,2020.0,706369530.2910751,706369530.2910751,407076207.8068378,186162145.3330423
Corlu,2020.0,733254726.1488111,733247211.8001783,421212329.1687921,159674238.45168504
Edirne,2021.0,122325285.3368566,122325285.3368566,67873951.40659276,24375127.65288181
Uzunkopru,2021.0,654664316.7661747,654664316.7661747,318214570.8343788,172847186.65416095
Ipsala,2021.0,126039787.75102828,126039787.75102828,77775473.42072994,28353699.73640472
Luleburgaz,2021.0,724272125.2167834,724219698.3139514,359805331.6438495,215433482.6098537
Kirklareli,2021.0,555938540.039229,555938540.039229,236188674.3907035,159232440.4169922
Tekirdag,2021.0,706369530.2910751,706369530.2910751,361432210.0857652,233031251.1467161
Corlu,2021.0,733254726.148811,733254726.148811,423890304.1728171,157934812.34601334
Edirne,2022.0,122325285.3368566,122325285.3368566,60866880.62805606,15671844.97035654
Uzunkopru,2022.0,654664316.7661746,654664316.7661746,310088654.3465744,189328214.3924288
Ipsala,2022.0,126039787.75102828,126039787.75102828,43168741.75332989,61045949.533095896
Luleburgaz,2022.0,724272125.2167835,724272125.2167835,397211702.9803596,140149892.92280176
Kirklareli,2022.0,555938540.039229,555938540.039229,240758719.6299728,140387210.72674632
Tekirdag,2022.0,706369530.2910752,706369530.2910752,360159075.2704083,226870554.63380057
Corlu,2022.0,733254726.148811,733254726.148811,418437252.8412626,158301762.18721277
Edirne,2023.0,122325285.33685662,122325285.33685662,70203604.95619063,23378760.47918773
Uzunkopru,2023.0,654664316.7661746,653223845.767806,378103639.41316056,125712708.20149164
Ipsala,2023.0,126039787.75102828,125888561.46245404,84578868.38330846,19385343.079308365
Luleburgaz,2023.0,724272125.2167834,704320705.8775773,388462736.75796,175536225.87186348
Kirklareli,2023.0,555938540.039229,543870974.6979492,252592543.62313497,152501586.56346318
Tekirdag,2023.0,706369530.2910751,652024790.8608112,347703764.1713236,190151888.99968985
Corlu,2023.0,733254726.1488111,719700696.421942,417275082.7119332,157164516.4528416
Edirne,2024.0,122325285.3368566,122325285.3368566,94763427.73073491,3140930.902240349
Uzunkopru,2024.0,654664316.7661747,654664316.7661747,404830536.61738473,38563179.38017578
Ipsala,2024.0,126039787.75102828,126039787.75102828,58531563.67375919,12171947.746179918
Luleburgaz,2024.0,724272125.2167835,724219634.1298695,448648635.3504634,86226331.25612746
Kirklareli,2024.0,555938540.039229,555767333.1031939,345776641.37688607,47065708.74119753
Tekirdag,2024.0,706369530.2910751,706369530.2910751,421270909.2886413,117994556.67507468
Corlu,2024.0,733254726.148811,733179579.8148266,515955879.1242686,39257407.83977865
