index,pearson,spearman,MI,dose_amp,pearson_rank,spearman_rank,MI_rank,dose_amp_rank,composite
SPEI3,0.5203551910906262,0.5016471988595439,0.15014403314941926,21.25646057898586,10.0,10.0,10.0,10.0,40.0
SPI3,0.48345795302155076,0.47452132533639096,0.14858993496075534,19.18399348308788,9.0,9.0,8.0,8.0,34.0
SPEI9,0.4642815997516514,0.45874155276282397,0.1432973601062013,19.57983367524745,8.0,8.0,7.0,9.0,32.0
SPI9,0.4340732171068486,0.42092650113328317,0.14927414139807738,18.38965281748787,6.0,7.0,9.0,7.0,29.0
SPEI6,0.4370523680996938,0.40599841311120666,0.10445854278478794,16.377723488576365,7.0,6.0,4.0,6.0,23.0
SPI6,0.409986196720212,0.376790020549129,0.12161386885936398,15.367247369206652,5.0,4.0,6.0,3.0,18.0
SPEI1,0.408768598352678,0.38774540120208234,0.0942191980409941,15.632424189006151,4.0,5.0,3.0,5.0,17.0
SPEI12,0.371200364908663,0.36926014036214294,0.11737501316990517,15.512583898716677,3.0,3.0,5.0,4.0,15.0
SPI12,0.34132551345297446,0.33217769451502666,0.09102898025414774,14.453888917745125,2.0,2.0,2.0,2.0,8.0
SPI1,0.31215783196616487,0.31111887900703866,0.05999504114499654,13.841916962478912,1.0,1.0,1.0,1.0,4.0
