year,name,yield,key,SPEI1,SPEI3,SPEI6,SPEI9,SPEI12,year_c
2004,Edirne,173,edirne,0.33952307623548017,1.133770226132295,0.48164823807949403,-0.24005771697195716,-0.1831273119554236,-10.0
2005,Edirne,186,edirne,0.7669898334380056,1.3006879117660177,0.4464984425904439,1.7385188362952921,0.4032841750262955,-9.0
2006,Edirne,212,edirne,0.24245774765221212,1.4030495289631029,1.4036465516130385,1.2552852312976222,1.3652335140329828,-8.0
2007,Edirne,123,edirne,-0.9437268538327966,-1.9456609381757641,-1.2505449097963623,-1.139948066037209,-0.8624395911115756,-7.0
2008,Edirne,138,edirne,-1.0807516024645283,-0.6032696271212263,-1.0372817543121877,-1.1788304788273312,-0.34962119897647054,-6.0
2009,Edirne,172,edirne,-0.20181193810028006,0.20959604642427815,-0.4054352333833243,-0.2327602153505185,-0.3871549720891518,-5.0
2010,Edirne,298,edirne,-1.1805814058718247,0.4035448424605461,-0.06369213138368363,2.1193258854032635,2.0998350493658444,-4.0
2011,Edirne,206,edirne,-0.10579328495396563,-0.5065530643076995,-0.9768897044970222,-1.0924706551601326,-0.8311385470431909,-3.0
2012,Edirne,187,edirne,-1.9164580609637065,-2.3777936572026985,-1.8066097519718247,-0.9505816757147745,-0.5557253960283194,-2.0
2013,Edirne,225,edirne,-1.4370097680444323,-0.0074515422921679,-0.930611940249763,1.2313110411048807,0.3464338562542883,-1.0
2014,Edirne,290,edirne,-0.525280946312376,1.4724954670756674,2.1067736701543147,0.9028669575041464,0.7830694276239355,0.0
2015,Edirne,227,edirne,-0.07025933170323986,-0.25380124129212717,-0.44776682125860795,0.35376140312408255,1.234368173693436,1.0
2016,Edirne,237,edirne,-1.4750852361562374,-1.6303146067191057,-0.6685501172391083,-0.06047404237137579,0.23262255905834484,2.0
2017,Edirne,252,edirne,-1.0480971558809233,0.6813336702964403,0.6780449459566151,0.05898225562027339,-0.7092296106696446,3.0
2018,Edirne,262,edirne,-1.2355731135070411,0.6349160027024685,0.3760645519340902,1.0070969268534231,1.2453984456171134,4.0
2019,Edirne,262,edirne,0.12916070827914639,-0.45684469592017424,-0.7426644759310019,-1.0407938399748118,-0.4932316445478376,5.0
2020,Edirne,254,edirne,-1.7615653742391615,-1.39902878322119,-0.07079423848013888,-1.173591845228409,-1.6440399469608022,6.0
2021,Edirne,258,edirne,-1.216755583594984,-0.5747076229053261,-0.4940841996858544,0.8633651645008349,-0.07528578791756159,7.0
2022,Edirne,250,edirne,0.9340881183470987,-0.6832572577762969,-1.1876948375266267,-0.3758528198760391,-0.5216848272384657,8.0
2023,Edirne,202,edirne,-1.1184638923577706,-1.4972526644671644,-0.06819062752708122,-0.983332308521169,-1.2491736551591741,9.0
2024,Edirne,123,edirne,-2.575707763576962,-2.506434645497495,-2.1960180458851393,-2.420332536513854,-2.3077140113137395,10.0
2004,Uzunkopru,188,uzunkopru,-0.2509118834680579,0.04803971905173259,-0.4207028795729642,-0.789310751158513,-0.8425601597275664,-10.0
2005,Uzunkopru,194,uzunkopru,-0.8769572608910621,-0.3798483453991842,-0.8635044617387623,-0.22715413331712006,-0.9786392131131372,-9.0
2006,Uzunkopru,220,uzunkopru,-0.4758094545601656,0.6137999761155329,1.0570414470207325,0.6012523975615953,0.35126952782827164,-8.0
2007,Uzunkopru,127,uzunkopru,-1.0079425450461559,-1.8391329311888818,-1.970191249538267,-2.0567806596971354,-1.41576677048413,-7.0
2008,Uzunkopru,149,uzunkopru,-0.22479094931815904,-0.3779712298745459,-0.9378146034187881,-1.3904819298128854,-0.47836046283004635,-6.0
2009,Uzunkopru,150,uzunkopru,-0.060765966662400625,-0.802385313512729,-0.713393997592266,-0.7394246647087862,-1.1235484705818108,-5.0
2010,Uzunkopru,350,uzunkopru,-2.806424378592778,-0.34119968343218515,-0.6306484823867806,1.2670800956186978,1.9003203017605497,-4.0
2011,Uzunkopru,248,uzunkopru,-0.26552293611480143,-0.519322949271046,-0.6794768814717124,-0.9211131026433954,-0.23319810078499398,-3.0
2012,Uzunkopru,202,uzunkopru,-1.1391687934922499,-2.2643026361024265,0.25630399788869346,0.16427831481784752,0.4573349962064835,-2.0
2013,Uzunkopru,233,uzunkopru,-1.1316905462797653,0.4396169877812623,-0.9714894318921414,2.332672353770298,0.5997437146832102,-1.0
2014,Uzunkopru,319,uzunkopru,-0.4946966107062082,2.6644149601464675,2.9095743886623304,1.3076057722100063,1.0760772079930736,0.0
2015,Uzunkopru,219,uzunkopru,-1.179151623607103,-1.22903741246428,-0.8399307410702719,-0.16045608475916975,1.1949690618139757,1.0
2016,Uzunkopru,231,uzunkopru,-0.05546767704111182,-0.7310220844687721,-1.404583475062869,-1.1482825743237315,-1.2017617038025743,2.0
2017,Uzunkopru,245,uzunkopru,-0.03027384243261571,0.5424589345228106,0.8498891014602425,0.22225856954960577,-0.45595936804188225,3.0
2018,Uzunkopru,253,uzunkopru,-0.6307847297531113,0.8499049096669069,0.7692114018172508,1.2761538724210584,0.5461691805668337,4.0
2019,Uzunkopru,303,uzunkopru,1.574068222416635,0.6245948761003991,-0.06220490332768547,0.009582780075532845,-0.6505051239048857,5.0
2020,Uzunkopru,321,uzunkopru,-0.2204196507313789,-0.058552936694688695,0.282557182414131,-0.906473886593715,-1.088553898612096,6.0
2021,Uzunkopru,303,uzunkopru,-1.446436835848181,-0.5609137616690604,-0.07498379209626915,0.5401309136530809,-0.45733355826797084,7.0
2022,Uzunkopru,261,uzunkopru,-0.8296471969930377,-0.4513624243596433,-0.7235048085175853,0.7261312663061179,0.5228277002532048,8.0
2023,Uzunkopru,163,uzunkopru,-2.110479659922664,-1.267014463470748,-0.27067675921588025,-1.2631502676246869,-1.506010093969793,9.0
2024,Uzunkopru,128,uzunkopru,-1.242545112078194,-2.436710505276602,-2.027533028519297,-1.9851174623823666,-2.307134489185765,10.0
2004,Luleburgaz,188,luleburgaz,-0.6655564060656245,-0.4939092689948839,-0.8361655889868467,-1.1145210121788045,-1.2027906938149149,-10.0
2005,Luleburgaz,186,luleburgaz,-1.3380190869630721,-0.8707660748081636,-1.0581154402129962,-0.5191689636405988,-1.536127107077854,-9.0
2006,Luleburgaz,212,luleburgaz,-0.291635390790922,1.1257030656789877,0.31579673060780394,0.17836640673372142,0.04642641995955519,-8.0
2007,Luleburgaz,212,luleburgaz,-0.79870882169292,-1.8452024637962858,-1.0271894429867303,-1.8163966919447387,-1.0827842198587885,-7.0
2008,Luleburgaz,186,luleburgaz,-0.8958126141943193,0.4574132899691768,0.3158747676202935,-0.566475087025455,-0.3362674404702365,-6.0
2009,Luleburgaz,187,luleburgaz,-0.4781874278751097,-0.6370146667608547,-0.8538620233100874,-0.37841286130382074,-0.9215401201649751,-5.0
2010,Luleburgaz,209,luleburgaz,-1.4946624654779268,-0.3297186269689077,-0.5916977647669844,0.7927146340867626,1.6292236119228067,-4.0
2011,Luleburgaz,190,luleburgaz,-0.49170696355974686,-0.6685497424672675,-0.32992179992310233,-0.09910135629484254,0.5120687043291539,-3.0
2012,Luleburgaz,237,luleburgaz,-0.9288023746141489,-1.7413765329862625,-0.7254300542416894,-0.6737380945301434,-0.3660254126102499,-2.0
2013,Luleburgaz,228,luleburgaz,-1.05877554785672,-0.24515407106432488,1.080613222554651,2.298977604444658,1.475419932694734,-1.0
2014,Luleburgaz,282,luleburgaz,-0.03368833590714545,1.827952828505342,2.222393505518472,0.5832499902591802,0.3751510653503954,0.0
2015,Luleburgaz,274,luleburgaz,-1.1271683166087474,-0.9986124791457983,-0.8476595114622671,-0.504453300055213,-0.11503099593035573,1.0
2016,Luleburgaz,249,luleburgaz,-0.8747308551851245,-1.1587836971650376,-1.6567934052380022,-1.5092422415859863,-1.052118838634057,2.0
2017,Luleburgaz,245,luleburgaz,-0.3718727452163722,0.8695028666518738,0.3685570109998987,0.20217595189019846,-0.3841557341284437,3.0
2018,Luleburgaz,249,luleburgaz,-1.0804919938722581,1.5441846928627214,0.5445664370773864,1.3202440619379854,1.2503241762800754,4.0
2019,Luleburgaz,319,luleburgaz,-0.9254711258355314,-1.8005327106851383,-1.8247916553426664,-1.5542521625184027,-1.4547434820914478,5.0
2020,Luleburgaz,277,luleburgaz,-0.44407122651599923,0.7314396544811391,1.0182321126383067,-0.15242492615687572,-1.089519986926535,6.0
2021,Luleburgaz,230,luleburgaz,-1.1989600200934278,-0.15916685932241342,-0.056320044574465294,0.297293407973594,-0.48391641006605607,7.0
2022,Luleburgaz,195,luleburgaz,-0.6829409283975585,-0.5684597298933837,-0.6576272841564119,0.29394801556768435,0.25626806969890814,8.0
2023,Luleburgaz,188,luleburgaz,-2.0733150576327812,-1.3698729473372109,-0.3421687078417803,-1.5747351039834956,-1.8462037605735047,9.0
2024,Luleburgaz,181,luleburgaz,-1.6085047827388692,-2.3420294091924454,-2.288804256300243,-2.13762265706041,-2.1557345309839553,10.0
2004,Kirklareli,154,kirklareli,1.8770007851706147,2.3398240793293805,1.5235139953188193,0.6201072297312031,0.4094553199616379,-10.0
2005,Kirklareli,149,kirklareli,0.7164440494715187,0.6064825656117944,-0.040509240561869456,0.39666153047797786,-0.6389922827241653,-9.0
2006,Kirklareli,161,kirklareli,-0.392396486118633,1.349726585105888,1.358530153083274,1.2742028374015573,1.5869109680304212,-8.0
2007,Kirklareli,153,kirklareli,0.2666002990573743,-1.0962431343016588,-0.725606846934003,-1.1091267539604952,-0.9862031267114186,-7.0
2008,Kirklareli,149,kirklareli,0.8309639363495518,0.3502111531164774,-0.13642534280268864,-0.9821466905152704,-0.3705417472984308,-6.0
2009,Kirklareli,150,kirklareli,-0.7117674789234107,0.46705140978758286,0.12355742653693343,0.5648270768609948,0.18587462559842097,-5.0
2010,Kirklareli,143,kirklareli,-2.7878252094053066,-0.8132537948973769,-0.8915812457409097,0.3992122841339355,1.1524107488933812,-4.0
2011,Kirklareli,161,kirklareli,-0.4065776404898782,-0.6128225553571532,-1.1361949460386325,-1.2408704887453765,-0.9189995815939505,-3.0
2012,Kirklareli,230,kirklareli,-0.8198405433422534,-1.916785153892127,-1.0193781395369246,-0.0022384501530423847,0.14427631666294183,-2.0
2013,Kirklareli,251,kirklareli,-1.2419638767114072,0.05876689501893954,-0.7217910297626725,1.5484877372801902,1.3952790263315629,-1.0
2014,Kirklareli,248,kirklareli,-1.0721273582244693,1.4726993167347764,2.273699597697718,0.9837816936942937,0.9149125202702173,0.0
2015,Kirklareli,241,kirklareli,-0.7398849807327567,-0.750913517147391,-0.5288238134256534,0.36405990878117117,1.4075250355798754,1.0
2016,Kirklareli,191,kirklareli,-0.658825471031601,-1.6800031596288574,-1.3767264155619183,-0.6390339394517571,-0.7647961661292085,2.0
2017,Kirklareli,275,kirklareli,-0.922536907153183,-0.462605274927826,-0.21887004043786,-0.3718877943863279,-0.438690270996326,3.0
2018,Kirklareli,243,kirklareli,-1.2321786652799402,2.071330547207551,2.432115712513193,2.561796508542959,2.3618010355042562,4.0
2019,Kirklareli,265,kirklareli,0.25090669014070704,0.49872137409378836,-0.14475062112673043,0.04257252113949308,0.03827041995877728,5.0
2020,Kirklareli,289,kirklareli,-0.8607587282323554,0.28872916493275624,0.046130370995201675,-0.6376135058620089,-0.8943057516448526,6.0
2021,Kirklareli,253,kirklareli,-0.6430862653791144,0.00984455435613576,-0.033766081180188916,1.1161024769369732,0.20589465894873515,7.0
2022,Kirklareli,248,kirklareli,0.3436362790578147,-0.45197603881275694,-0.9192430953202126,0.6869954980536889,0.6523548158686328,8.0
2023,Kirklareli,222,kirklareli,-1.836890542110708,-1.227280932809626,-0.06655097457792572,-0.8482879585603466,-1.4248193068421295,9.0
2024,Kirklareli,206,kirklareli,-1.2197404615474727,-2.3016011320992456,-1.872046935689042,-1.5262945976542264,-1.3080528905816298,10.0
2004,Tekirdag,162,tekirdag,1.9199334515831379,2.181302127702432,1.6316848560081323,1.642227494706409,1.2676310522483274,-10.0
2005,Tekirdag,197,tekirdag,-0.6613429679321832,-0.9522354398371261,-0.8093290939882426,-0.912287885818557,-1.5331528737856845,-9.0
2006,Tekirdag,212,tekirdag,-0.6959706992519457,-0.8493059006431465,-0.8503318841864115,-1.0042177114573014,-0.7723715792889553,-8.0
2007,Tekirdag,136,tekirdag,-1.2000454427737015,-2.0371191382524616,-2.5528805495347258,-2.562401027223599,-1.9840946819605407,-7.0
2008,Tekirdag,186,tekirdag,-1.1265683070899781,-0.748359263182675,-1.210821401357972,-1.6677273824180423,-0.30730203307618803,-6.0
2009,Tekirdag,180,tekirdag,-0.5725055900796013,-0.3360757353555016,-0.46177293703707595,-0.8617265818839586,-0.8186489813751767,-5.0
2010,Tekirdag,175,tekirdag,-2.6721172380691613,-0.7806436173981891,-1.187470544053478,0.6607676075977177,1.8265957773808463,-4.0
2011,Tekirdag,190,tekirdag,0.03290815006645135,0.39379382756602016,0.5729430755404203,0.42432971890432414,1.0984005984777216,-3.0
2012,Tekirdag,158,tekirdag,-1.0848831593415718,-2.119223165605129,-1.6325004351142096,-1.4243383497045363,-0.09103483270922941,-2.0
2013,Tekirdag,231,tekirdag,-1.4558860246238559,-1.2593707020879155,-1.938174735269171,0.4441797626174658,-0.3551392649903702,-1.0
2014,Tekirdag,249,tekirdag,-0.7443798937178118,1.092774499831588,1.1415964579610494,-0.6017164341869811,-0.5395587795600122,0.0
2015,Tekirdag,224,tekirdag,-1.5979966294763754,-0.7112395115280655,-0.9326941234263817,-0.295616258802751,0.3937106126283846,1.0
2016,Tekirdag,199,tekirdag,-1.3277965290375817,-1.536218809849752,-2.109465590033934,-1.9002245583825186,-1.6177433545375344,2.0
2017,Tekirdag,225,tekirdag,-0.40693671578942436,-0.01675017110415317,-0.5409526277743428,-0.5610426012038793,-0.3863881086123323,3.0
2018,Tekirdag,230,tekirdag,-1.5278616076645783,0.9528923272728669,-0.05909452527401176,0.17491852224276755,0.0719779321580593,4.0
2019,Tekirdag,230,tekirdag,-1.0981039062629387,-1.4852532770151081,-1.5698903765747525,-0.8780386272435756,-1.0373363953512176,5.0
2020,Tekirdag,245,tekirdag,-0.6738400518483333,0.0031420354675665597,0.40981022573904413,-0.6667402269326932,-1.2425086181191873,6.0
2021,Tekirdag,250,tekirdag,-0.07020908296228488,-0.3883220943520312,0.160581071701745,0.11020264303410394,-0.7651592051034528,7.0
2022,Tekirdag,193,tekirdag,0.26216567242763655,-0.5289881324435558,-0.659461935529503,-0.941428628081946,-1.3027731189328193,8.0
2023,Tekirdag,112,tekirdag,-1.7370162001826939,-1.3614070096648647,-0.3640639198158616,-1.6515777706581574,-2.173876790773517,9.0
2024,Tekirdag,180,tekirdag,-1.3126010611551,-2.2999678893678457,-1.7087457904075078,-1.4025966480771905,-0.8979034633112571,10.0
2004,Corlu,188,corlu,2.6635684434593454,2.1254310723291416,1.3543024796446423,0.946411661791596,0.79606127572942,-10.0
2005,Corlu,186,corlu,1.3983532186688412,0.7584226161077333,0.26921858234371804,-0.1849375536944215,-1.0366146123860116,-9.0
2006,Corlu,203,corlu,-0.21441557333044836,1.7716077563015138,0.9889006728121353,0.2207365854423477,0.17299299793590703,-8.0
2007,Corlu,93,corlu,-1.3405742983132374,-2.0510207522769135,-1.8089799921626395,-2.188509558361605,-2.193443653962762,-7.0
2008,Corlu,194,corlu,-1.0819067662063102,-0.5074387634168916,-0.5237585960848977,-1.153041806554354,0.05463142719114608,-6.0
2009,Corlu,191,corlu,-0.38604816240629225,-0.09197164458092019,0.6496845751676464,0.3154106762568465,-0.05602575919416349,-5.0
2010,Corlu,196,corlu,-2.9137613770433832,-0.4224196251569076,-0.45210520962157763,1.0426093973276898,1.4161092300302158,-4.0
2011,Corlu,190,corlu,-0.47972234441234507,-0.4060477774038364,0.7622661025693058,0.7196741327450209,1.250742086739281,-3.0
2012,Corlu,180,corlu,-0.5445720378827654,-1.9854138410286855,-1.2216789942070168,-1.0524473060148651,-0.5586671484020514,-2.0
2013,Corlu,196,corlu,-0.8016252007341713,-0.6155340294501637,-1.2548241560667601,1.0658991151819912,0.6027721644080364,-1.0
2014,Corlu,249,corlu,1.168853342246003,2.645301429429775,2.4831620823491702,0.536381925855623,0.9420325757932844,0.0
2015,Corlu,165,corlu,-1.2407613077827895,-0.4262717194528436,-0.6046064604932974,-0.012678662214429927,0.6236364094831651,1.0
2016,Corlu,181,corlu,-0.6481929768448104,-0.8748007443809706,-1.3474338656874338,-1.5432697244884541,-1.097132436101003,2.0
2017,Corlu,234,corlu,-0.4687193397251483,1.2497325593895074,0.6255578498182778,0.38721841524282946,0.14041579958999192,3.0
2018,Corlu,220,corlu,-1.157602679374325,1.8638506879172654,1.2975162169063164,1.6188177950500044,1.4808194046035852,4.0
2019,Corlu,235,corlu,-1.0011995555349948,-0.9677674525806488,-0.6782955629387575,-0.6928574815442099,-0.2760459509220564,5.0
2020,Corlu,267,corlu,-0.5994303851923811,0.5943681583082877,0.9580867175910043,-0.5673228180023591,-1.2397331721954705,6.0
2021,Corlu,250,corlu,-0.043489100537136394,0.8803135358517518,0.11837120203080237,0.4519618591545705,-0.4390434827367767,7.0
2022,Corlu,174,corlu,0.40912034247878615,-0.5690486982806897,-0.8070072488734858,-0.6719968125929021,-0.943758363022947,8.0
2023,Corlu,88,corlu,-2.449691318280016,-1.2763980390418983,-0.7532890422596006,-1.8205711928846453,-2.571631991943819,9.0
2024,Corlu,160,corlu,-0.7554972753036764,-2.199320764705955,-2.4418691072748504,-2.0755428924975825,-1.875302625446755,10.0
